name,city,country,address,phone,website,openingHours,kashrut,restaurantType,category,priceRange,notes,sourceUrl,scrapedAt
"קפה תמר Cafe Tamar","Budapest","Hungary","Budapest, Nagy Diófa u. 3","","","ראשון-חמישי 10:00 – 21:00.","מהדרין בהשגחת הרב ברוך אוברלנדר, חב""ד בודפשט.","dairy","","€","מסעדה חלבית כשרה בבודפשט, איטלקית עם נגיעות ים תיכוניות באזור היהודי. במקום מציעים ארוחת בוקר מצוינת.","https://metaylimbkipa.com/kosher-restaurants-abroad/kosher-restaurants-in-budapest/","2026-05-27T13:03:58.071Z"
"קפה תל אביב  Tel Aviv Cafe","Budapest","Hungary","Budapest, Kazinczy u. 28, 1075 Hungary.","","","ראשון-חמישי 9:00 – 21:00, שישי 9:00 – 16:00.","מהדרין בהשגחת הרב ברוך אוברלנדר, חב""ד בודפשט.","dairy","","€","בית קפה/מסעדה חלבית אשר ממוקמת במרכז האזור היהודי בבודפשט. פיצות, פסטות, דגים וסלטים. מחיר סביר.","https://metaylimbkipa.com/kosher-restaurants-abroad/kosher-restaurants-in-budapest/","2026-05-27T13:03:58.071Z"
"ברוקלין בייגל  Brooklyn Bagel","Budapest","Hungary","Budapest, Újpesti rkp. 1, 1137 Hungary","+36303194356","","שני-חמישי 9:00 – 21:00, ראשון 9:00 – 18:00, שישי 9:00 – 16:00.","מהדרין בהשגחת הרב ברוך אוברלנדר, חב""ד בודפשט.","dairy","","€","מסעדה חלבית כשרה בבודפשט ליד האי מרגיט. נמצאת סמוך לבית הכנסת המרשים של שליח חב""ד הרב שמוליק גליצנשטיין ברובע ה- 13 בבודפשט.זוהי המסעדה הכשרה היחידה שנמצאת מחוץ לרובע היהודי בבודפשט.","https://metaylimbkipa.com/kosher-restaurants-abroad/kosher-restaurants-in-budapest/","2026-05-27T13:03:58.071Z"
"ממילא  Mamilla","Budapest","Hungary","Budapest, Síp u. 12, 1075","+36 70 5534286","","שני-חמישי 12:00-23:00, מוצ""ש 20:00-23:00.","בד""ץ חוג חתם סופר בני ברק.","dairy","","","מסעדה חלבית ופיצה כשרה בבודפשט צמוד לחנות מכולת כשרה.","https://metaylimbkipa.com/kosher-restaurants-abroad/kosher-restaurants-in-budapest/","2026-05-27T13:03:58.071Z"
"שקשוקה  Shakshuka","Budapest","Hungary","Budapest, Kazinczy u. 32, 1075 Hungary.","","","ראשון-חמישי: 21:30 – 13:00.","מהדרין בהשגחת הרב ברוך אוברלנדר, חב""ד בודפשט.","dairy","","","מסעדה חלבית בסגנון ישראלי לארוחת בוקר נפתחה ברובע היהודי בבודפשט. מציעה חומוס, סלטים, בורקס וכמובן – שקשוקה.","https://metaylimbkipa.com/kosher-restaurants-abroad/kosher-restaurants-in-budapest/","2026-05-27T13:03:58.071Z"
"שייט בבודפשט","Budapest","Hungary","[map: https://maps.app.goo.gl/JePMynSbtF8nUd8X6]","","","","","meat","","","בדרך תראו את האתרים הידועים של בודפשט, ותלמדו עליהם ממדריך קולי במבחר שפות כולל הדרכה בעברית. בנוסף תהנו ממשקה לבחירה.","https://metaylimbkipa.com/kosher-restaurants-abroad/kosher-restaurants-in-budapest/","2026-05-27T13:03:58.071Z"
"חדש! מסעדת מרקש  Marrakesh","Budapest","Hungary","Budapest, Wesselényi utca, 30 [map: https://maps.app.goo.gl/dFkkn5y5eQ7NJeEu7]","","","ראשון, רביעי, חמישי 18:00-23:00.","מהדרין בהשגחת הרב ברוך אוברלנדר, חב""ד בודפשט.","meat","","","מסעדה מרוקנית אותנטית ברובע היהודי.","https://metaylimbkipa.com/kosher-restaurants-abroad/kosher-restaurants-in-budapest/","2026-05-27T13:03:58.071Z"
"חדש! שוק הכרמל  Shuk HaCarmel","Budapest","Hungary","Budapest, Kazinczy u. 32 [map: https://maps.app.goo.gl/gRWDewyFt3Nht6tJ7]","","","ראשון-חמישי 12:00-00:00.","מהדרין בהשגחת הרב ברוך אוברלנדר, חב""ד בודפשט.","meat","","","מסעדת מזון מהיר מבית היוצר של מסעדת כרמל. מציעים שווארמה, שניצל, חומוס, פלאפל ועוד.","https://metaylimbkipa.com/kosher-restaurants-abroad/kosher-restaurants-in-budapest/","2026-05-27T13:03:58.071Z"
"חדש! חומוס בר  hummusbar","Budapest","Hungary","Budapest, Wesselényi utca 14 [map: https://maps.app.goo.gl/bJwQpyCwRZahn8WC7]","+36 70 4662496","","ראשון-חמישי 12:00-23:00, מוצ""ש שעה וחצי אחרי צאת השבת – 24:00.","בד""ץ חוג חתם סופר פתח תקווה.","meat","","","רשת החומוסיות הישראלית בבודפשט פתחה לאחרונה סניף כשר למהדרין ברובע היהודי. במקום מגישים את מנות הדגל – חומוס, פלאפל, מסבחה, שקשוקה ועוד.","https://metaylimbkipa.com/kosher-restaurants-abroad/kosher-restaurants-in-budapest/","2026-05-27T13:03:58.071Z"
"מסעדת ניטאבלו  Nitavalo","Budapest","Hungary","Budapest, Dob u. 32","+36 20 4395546","","ראשון-חמישי 14:00-22:00, מוצ""ש 19:00-23:00.","בד""ץ ""תפארת ישראל"" בראשות הרב הראל אשר יזדי.","meat","","","מזנון שף הכשר למהדרין של שף אהרון פייגין","https://metaylimbkipa.com/kosher-restaurants-abroad/kosher-restaurants-in-budapest/","2026-05-27T13:03:58.071Z"
"מסעדת חנה  Hanna","Budapest","Hungary","Budapest, Kazinczy u. 29, 1074.טלפון:  T +3613421072","+3613421072","https://www.hannarestaurant.hu/he/shabbat","ראשון-חמישי 11:30 – 22:00, שישי 11:00 – 16:30.","מהדרין בהשגחת מערכת הכשרות CRC שע""י התאחדות הרבנים דארה""ב וקנדה.","meat","","€€","מסעדה מסורתית של אוכל יהודי ביתי כשרה למהדרין, באזור היהודי בבודפשט.לאחרונה שופץ המקום ונפתח מחדש.במקום מתקיימות סעודות שבת, להן נדרשת הזמנה מראש. מחיר סעודות שבת: 70 יורו.","https://metaylimbkipa.com/kosher-restaurants-abroad/kosher-restaurants-in-budapest/","2026-05-27T13:03:58.071Z"
"מסעדת כרמל  Carmel","Budapest","Hungary","31. Kazinczy St.","+36 1 3221834","","ראשון-חמישי 12:00 – 22:30, מטבח סוגר ב- 22:00.","מהדרין בהשגחת הרב ברוך אוברלנדר, חב""ד בודפשט.","meat","","€€","מסעדה בשרית כשרה המציעה מטבח קלאסי יהודי/הונגרי. מסעדת כרמל נמצאת באזור היהודי בבודפשט,ליד בית הכנסת קזניצי. יורדים אל אולם המסעדה הממוקם במפלס התחתון מתחת לקומת הקרקע, ונכנסים לאווירה אחרת. את האווירה מנעימה תזמורת ""כליזמרים"" אותנטית עם שירים יהודיים קלאסיים בסגנון ""לו הייתי רוטשילד"" וכד'.מנה מיוחדת: אל תפספסו את פלטת הבשרים המיוחדת!","https://metaylimbkipa.com/kosher-restaurants-abroad/kosher-restaurants-in-budapest/","2026-05-27T13:03:58.071Z"
"פלאפל בר  Falafel Bar","Budapest","Hungary","Budapest, Wesselényi utca 30.","","","ראשון-חמישי 11:30 – 24:00.","מהדרין בהשגחת הרב ברוך אוברלנדר, חב""ד בודפשט.","meat","","","חנות פלאפל ומסעדת מזון מהיר מבית ""קפה תמר"". במקום מציעים מלבד מציעים פלאפל גם מנות בסגנון ים-תיכוני כמו שקשוקה, שווארמה כשרה ועוד.","https://metaylimbkipa.com/kosher-restaurants-abroad/kosher-restaurants-in-budapest/","2026-05-27T13:03:58.072Z"
"מסעדת מיטאפ  MeatUp","Budapest","Hungary","Budapest, Nagy Diófa u. 4.טלפון:  T +36203885453","+36203885453","","ראשון-חמישי 13:00-22:00.","מהדרין בהשגחת הרב ברוך אוברלנדר, חב""ד בודפשט.","meat","","€€","מסעדת מזון מהיר בשרית.","https://metaylimbkipa.com/kosher-restaurants-abroad/kosher-restaurants-in-budapest/","2026-05-27T13:03:58.072Z"
"זמיר דיינר בר","Budapest","Hungary","Dohány utca 54, Budapest","+36 20 272 6017וואטסאפ:  T +972 50 5311774","","שני-חמישי 17:00-22:00.","מהדרין בהשגחת הרב ברוך אוברלנדר, חב""ד בודפשט.","meat","","","חדש! מסעדה בשרית כשרה בבודפשט עם תפריט מגוון בסגנון דיינר אמריקאי. ניתן למצוא במקום גם סושי.","https://metaylimbkipa.com/kosher-restaurants-abroad/kosher-restaurants-in-budapest/","2026-05-27T13:03:58.072Z"
"מסעדת אשיז׳ Ashis","Budapest","Hungary","Budapest, Dob u. 5","+36 20 2983763","","ראשון-חמישי 12:00-2:00, מוצ""ש 20:45-2:00.","מהדרין בהשגחת הרב נחמיה רוטנברג.","meat","","€€","מסעדת סטריט-פוד בסגנון ישראלי. מציעה פלאפל, חומוס, שניצל, המבורגר ועוד.","https://metaylimbkipa.com/kosher-restaurants-abroad/kosher-restaurants-in-budapest/","2026-05-27T13:03:58.072Z"
"מסעדת קאצ'אפ Catchup","Budapest","Hungary","Budapest, Nagy Diófa u. 4, 1072.","+36 70 7541948","","ראשון-חמישי 13:00-22:00.","מהדרין בהשגחת הרב ברוך אוברלנדר, חב""ד בודפשט.","meat","","","מסעדה בסגנון אסיאתי נפתחה בבודפשט ממש בימים אלה (קיץ 2023). במקום מגישים מנות פרווה/צמחוני/דגים כמו כריכי באו, פוקי בול, פיש אנד צ'יפס ועוד.","https://metaylimbkipa.com/kosher-restaurants-abroad/kosher-restaurants-in-budapest/","2026-05-27T13:03:58.072Z"
"שייט בבודפשט","Budapest","Hungary","[map: https://maps.app.goo.gl/65B6ZaprFgE4xLUs5]","","","","","meat","","€","שייט על נהר הדנובה במחיר הכי זול ומשתלם שיש – 12 € בלבד!","https://metaylimbkipa.com/kosher-restaurants-abroad/kosher-restaurants-in-budapest/","2026-05-27T13:03:58.072Z"
"אוטובוס אמפיבי בבודפשט - חוויה בים וביבשה","Budapest","Hungary","Budapest, Nagy Diófa u. [map: https://maps.app.goo.gl/E6nSAdgzeQyswk3Y7]","+36 30 1500150","https://www.tiqets.com/en/budapest-c68199/riverride-budapest-p975209?partner=metaylimbkipa","ראשון-חמישי 8:00-18:00, שישי 8:00-14:00.","מהדרין בהשגחת הרב ברוך אוברלנדר, חב""ד בודפשט.","meat","","","הדרך המהנה ביותר לחוות את בודפשט: אוטובוס שהופך לסירה!","https://metaylimbkipa.com/kosher-restaurants-abroad/kosher-restaurants-in-budapest/","2026-05-27T13:03:58.072Z"
"קבוצת וואטסאפ לבודפשט - כל מה שתצטרכו לטיול הבא!","Budapest","Hungary","","","https://tinyurl.com/mr3vu7x6","","","meat","","","להצטרפות לקבוצת הוואטסאפ של בודפשט מבית ""מטיילים בכיפה"" פשוט לחצו כאן >","https://metaylimbkipa.com/kosher-restaurants-abroad/kosher-restaurants-in-budapest/","2026-05-27T13:03:58.072Z"
"שייט בבודפשט","Budapest","Hungary","","","https://www.tiqets.com/en/things-to-do-in-budapest-c68199/tickets-for-budapest-sightseeing-cruise-p1032099/?partner=metaylimbkipa","",".במלון מרכז כושר, והוא נגיש לנכים.החדרים מפוארים, מרווחים וממוזגים וכוללים מיניבר וקומקום חשמלי.שירות אדיב. קרוב לתחבורה ציבורית.","meat","","€","אל תוותרו על שייט בבודפשט – חוויה מדהימה!","https://metaylimbkipa.com/kosher-restaurants-abroad/kosher-restaurants-in-budapest/","2026-05-27T13:03:58.074Z"
"שאלות נפוצות לגבי מסעדות כשרות בבודפשט","Budapest","Hungary","","","https://chabadhungary.com/shabbat-meals/","","","meat","","","כן. במאפייה הכשרה UpTown מוכרים גם קיורטוש.","https://metaylimbkipa.com/kosher-restaurants-abroad/kosher-restaurants-in-budapest/","2026-05-27T13:03:58.074Z"
"קרעסטיר – מורשת הכנסת האורחים של רבי ישעיה'לה","Budapest","Hungary","","","https://easykoshertravel.com/kosher-restaurants-in-budapest/","","","meat","","","Kosher restaurants in Budapest in English You can find on Easy Kosher Travel website.","https://metaylimbkipa.com/kosher-restaurants-abroad/kosher-restaurants-in-budapest/","2026-05-27T13:03:58.075Z"
"13 תגובות","Budapest","Hungary","","","https://metaylimbkipa.com/kosher-restaurants-abroad/kosher-restaurants-in-budapest/#comment-39552","","","meat","","","נסו ליצור קשר עם בית חב""ד בודפשט:
https://chabadhungary.com/","https://metaylimbkipa.com/kosher-restaurants-abroad/kosher-restaurants-in-budapest/","2026-05-27T13:03:58.076Z"
"השארת תגובה","Budapest","Hungary","","","https://metaylimbkipa.com/kosher-restaurants-abroad/kosher-restaurants-in-budapest/#respond","","","meat","","","Δ
document.getElementById( ""ak_js_1"" ).setAttribute( ""value"", ( new Date() ).getTime() );","https://metaylimbkipa.com/kosher-restaurants-abroad/kosher-restaurants-in-budapest/","2026-05-27T13:03:58.076Z"
"מסעדות כשרות ברובע השמיני - מרכז פריז (שער הניצחון, שאנז אליזה)","Paris","France","225 Rue du Faubourg Saint-Honoré.","+33 1 45 722525","","ראשון: 9:00-17:00, שני-חמישי 8:00-17:30, שישי 8:00-16:00","מהדרין הרב כץ.","unknown","","€€","Le XXV – בית קפה כשר וקונדיטוריה ברמה גבוהה במרכז פריז. מציע מגוון מאפים צרפתיים כמו אקלרים ומקרונים, פיצות ואפילו סושי.","https://metaylimbkipa.com/kosher-restaurants-abroad/kosher-restaurants-in-paris/","2026-05-27T13:04:03.562Z"
"שער הנצחון בפריז","Paris","France","26 Rue Jean Mermoz.","+33 1 42 890200","https://www.kavod.fr/","ראשון 19:30–22:15, שני-חמישי 12:15–14:15, 19:30–22:15","בית דין פריז.","unknown","","€€€","אחד הנופים היפים ביותר בפריז, נשקף משער הניצחון, אותו בנה נפוליאון (ולא זכה לראותו) בהשראת שערי הניצחון הגדולים של רומא העתיקה.","https://metaylimbkipa.com/kosher-restaurants-abroad/kosher-restaurants-in-paris/","2026-05-27T13:04:03.563Z"
"בית האופרה גרנייה - כרטיס כניסה","Paris","France","","","https://www.tiqets.com/en/paris-attractions-c66746/tickets-for-opera-garnier-self-guided-tour-p974598/?partner=metaylimbkipa","","","unknown","","","מבנה ארמון האופרה יפהפה, ומומלץ בחום לכל מי שמגיע לפריז לבקר שם (נמצא ממש מעבר לכביש מול גאלרי לאפייט). התקרות הגבוהות והמרשימות עם הציורים ועיטורי הזהב, הנברשות, רצפת השייש, באמת קשה להכיל את כל היופי והפאר בארמון.","https://metaylimbkipa.com/kosher-restaurants-abroad/kosher-restaurants-in-paris/","2026-05-27T13:04:03.563Z"
"מסעדות כשרות ברובע ה- 16 (גני טרוקדרו, יער בולון)","Paris","France","31 Av. Raymond Poincaré, Paris. [map: https://maps.app.goo.gl/fbhnwjvQzt8uDt3n7]","+33 9 67 013721","https://www.restaurant-unagi.fr/","ראשון-חמישי 7:30-19:30, שישי 7:30-15:00","בית דין פריז.","unknown","","€€","The Reserve – בית קפה וקונדיטוריה חלבי גורמה. מציע מגוון קינוחים מושחתים ומעולים, כריכים, גבינות ועוד. לרשת סניף נוסף ליד יער בולון.","https://metaylimbkipa.com/kosher-restaurants-abroad/kosher-restaurants-in-paris/","2026-05-27T13:04:03.564Z"
"מסעדות כשרות ברובע השישי בפריז (גני לוקסמבורג)","Paris","France","66 Rue de Vaugirard.","+33 9 88 464554","https://metaylimbkipa.flymoney.com/","ראשון-חמישי 10:00-22:00, שישי 10:00-14:30.","בית דין פריז","unknown","","","מרסו Marceau Café – בית קפה מעולה ברובע השישי בפריז, אזור שאין בו כמעט אוכל כשר. תפריט עשיר עם מנות טעימות וטריות הכולל טוסטים, סלטים, פסטות ועוד. מתאים במיוחד לארוחת בוקר.","https://metaylimbkipa.com/kosher-restaurants-abroad/kosher-restaurants-in-paris/","2026-05-27T13:04:03.564Z"
"מסעדות כשרות ברובע התשיעי (גאלרי לאפייט, האופרה, בית הכנסת הגדול)","Paris","France","17 Rue La Fayette, Paris.","+33 1 48 746031","https://www.byellaparis.com/","ראשון 12:00-16:00  18:30-23:00, שני-חמישי 12:00-15:00  18:30-23:00, שישי 12:00-15:00, מוצ""ש 19:30-23:30.","בית דין פריז","unknown","","","Il Palazzo – מסעדה חלבית איטלקית ברובע התשיעי. מציעה מגוון סוגי פסטות, פיצות, סלטים, טוסטים ועוד.מספקת גם שירות משלוחים.","https://metaylimbkipa.com/kosher-restaurants-abroad/kosher-restaurants-in-paris/","2026-05-27T13:04:03.564Z"
"מסעדות כשרות ברובע ה- 11 בפריז (אזור הבסטיליה)","Paris","France","231 Bd Voltaire, 75011 Paris, France","+33143560330","https://www.123cacher.fr/restaurant/le-manhattan/carte.htm?utm_source=Google_Business","שלישי-שישי 9:00-17:00","בית דין פריז","unknown","","","Manhattan – מסעדה מזרחית בשרית. מציעה מגוון גדול של מנות קלאסיות ומסורתיות כמו קוסקוס, פקיילה ועוד. ניתן לקנות במקום מארזים מוכנים לשבת הכוללים גם חלות ויין לקידוש.","https://metaylimbkipa.com/kosher-restaurants-abroad/kosher-restaurants-in-paris/","2026-05-27T13:04:03.564Z"
"מסעדות כשרות ברובע ה- 17 בפריז","Paris","France","675 Av. Niel, 75017 Paris. [map: https://maps.app.goo.gl/AKkyzKswcERv6ut38]","+33 178 901357","https://www.restaurantvicky.com/","ראשון-חמישי 10:00-17:00 19:30-22:30, שישי 10:00-15:00.","בית דין פריז","unknown","","","מרסו Marceau Café – בית קפה מעולה. תפריט עשיר עם מנות טעימות וטריות הכולל טוסטים, סלטים, פסטות ועוד. מתאים במיוחד לארוחת בוקר.","https://metaylimbkipa.com/kosher-restaurants-abroad/kosher-restaurants-in-paris/","2026-05-27T13:04:03.565Z"
"מסעדות כשרות ברובע ה- 12 בפריז","Paris","France","158 Av. Daumesnil.","+33 1 43 471868T +33 1 84 83 11 33","https://www.restaurantlastella.com/","ראשון-חמישי ‏‏‏12:30-14:45 ‏‏19:30-23:00, מוצ""ש 19:30-23:30‏‏‏.","בית דין פריז, כל מוצרי החלב בהשגחת הרב זגבך – חלב ישראל.","dairy","","","La Stella – מסעדה חלבית איטלקית איכותית ברובע ה- 12. מגישה אנטיפסטי, פיצות, פסטה, סלטים – הכל תוצרת בית. מומלץ להזמין מקום.","https://metaylimbkipa.com/kosher-restaurants-abroad/kosher-restaurants-in-paris/","2026-05-27T13:04:03.565Z"
"מסעדות כשרות ברובע ה- 19 בפריז","Paris","France","161 Rue Manin.","+33 1 42 450045","https://www.bozen.fr/","ראשון-חמישי ‏‏‏11:00-01:00, שישי 11:00-15:00, מוצ""ש 19:00-02:00‏‏‏.","מהדרין הרב כץ.","unknown","","€€","בוזן Bozen –  רשת מסעדות סושי מעולה עם כמה סניפים ברחבי פריז.מציעים שירות טייק-אווי ומשלוחים.","https://metaylimbkipa.com/kosher-restaurants-abroad/kosher-restaurants-in-paris/","2026-05-27T13:04:03.565Z"
"מסעדות כשרות באזור לבלואה-פרה Levallois-Perret","Paris","France","25 Av. de l'Europe, 92300 Levallois-Perret.","+33 1 47 580073","https://www.restaurantlebazar.com/","ראשון-חמישי ‏‏‏12:00-14:30 19:30-23:00‏‏‏.","בית דין פריז.","unknown","","","לוולואה הוא מעין פרבר של פריז, באזור איל-דה-פרנס בצפון-מערב פריז, בו מתגוררים יהודים רבים.","https://metaylimbkipa.com/kosher-restaurants-abroad/kosher-restaurants-in-paris/","2026-05-27T13:04:03.566Z"
"מסעדות כשרות באזור בולון-בילנקורט Boulogne-Billancourt","Paris","France","100 Av. Jean Baptiste Clement, 92100 Boulogne-Billancourt","+33 1 48 252844","https://www.etnikahn.com/","ראשון-חמישי ‏‏‏12:00-14:30 19:30-22:30, שישי ‏‏‏12:00-14:30, מוצ""ש 19:30-22:30.","בית דין פריז.","unknown","","","EtniKahn – מסעדה יוקרתית ומיוחדת עם מנות שף מרחבי העולם.","https://metaylimbkipa.com/kosher-restaurants-abroad/kosher-restaurants-in-paris/","2026-05-27T13:04:03.566Z"
"המסעדות הכשרות הטובות ביותר בפריז","Paris","France","","","https://metaylimbkipa.com/kosher-restaurants-abroad/kosher-restaurants-in-paris/#hotels-9th","","","unknown","","","אז לסיכום, מהי המסעדה הכשרה הטובה ביותר בפריז?","https://metaylimbkipa.com/kosher-restaurants-abroad/kosher-restaurants-in-paris/","2026-05-27T13:04:03.566Z"
"מלונות כשרים ברובע התשיעי בפריז","Paris","France","","","https://www.booking.com/hotel/fr/aida-opera.he.html?aid=1221689&label=kosher-rest","","","unknown","","","מציע ארוחת בוקר עם מוצרים כשרים. קרוב לבית כנסת הגדול. אופציה למפתח שבת.","https://metaylimbkipa.com/kosher-restaurants-abroad/kosher-restaurants-in-paris/","2026-05-27T13:04:03.566Z"
"מלונות מומלצים (לא כשרים) ברובע התשיעי בפריז","Paris","France","","","https://www.booking.com/hotel/fr/touraine-opera.he.html?aid=1221689&label=kosher-rest","","בסביבה יש שפע חנויות ומסעדות כשרות, המלון ממוקם במרחק כחמש דקות הליכה מבית הכנסת Buffault.","unknown","","","מלון טורן אופרה Hotel Touraine Opera – מלון 4 כוכבים מעולה ברובע התשיעי בפריז, 5 דקות הליכה מגאלרי לאפייט וליד תחנת מטרו.","https://metaylimbkipa.com/kosher-restaurants-abroad/kosher-restaurants-in-paris/","2026-05-27T13:04:03.566Z"
"מלונות מומלצים באזור המארה - הרובע היהודי בפריז","Paris","France","","","https://www.booking.com/hotel/fr/grand-amelot-paris4.he.html?aid=1221689&label=kosher-rest","","","unknown","","","חדרים קטנים אבל נעימים וממוזגים עם כספת.","https://metaylimbkipa.com/kosher-restaurants-abroad/kosher-restaurants-in-paris/","2026-05-27T13:04:03.567Z"
"מלונות מומלצים באזור השאנז אליזה, שער הניצחון ומגדל אייפל","Paris","France","","","https://www.booking.com/hotel/fr/belfast.he.html?aid=1221689&label=kosher-rest","","","unknown","","","מלון בלפסט Belfast – מלון טוב בלב פריז צמוד לשער הנצחון ולשאנז-אליזה, ובמרחק פחות מעשר דקות הליכה מבית חב""ד. המלון מתאים למשפחות. חלק מצוות המלון דובר עברית.","https://metaylimbkipa.com/kosher-restaurants-abroad/kosher-restaurants-in-paris/","2026-05-27T13:04:03.567Z"
"דירות מומלצות ברובע ה- 17 בפריז","Paris","France","","","https://www.booking.com/hotel/fr/residence-palais-etoile.he.html?aid=1221689&label=kosher-rest","","","unknown","","","Résidence Palais Étoile – מלון דירות ברובע ה- 17 בפריז, אזור מרכזי ומאוכלס ביהודים רבים. נמצא במיקום מעולה, צמוד לתחנת מטרו ובמרחק כרבע שעה הליכה משער הניצחון.","https://metaylimbkipa.com/kosher-restaurants-abroad/kosher-restaurants-in-paris/","2026-05-27T13:04:03.567Z"
"שאלות נפוצות לגבי מסעדות כשרות בפריז","Paris","France","","","https://metaylimbkipa.com/kosher-restaurants-abroad/kosher-restaurants-in-paris/#8th","","","unknown","","","אבל המסעדות הבאות נחשבות טובות במיוחד: בקטגוריה החלבית – מסעדת רוזטה, מרסו קפה, ובאגף הבשרי – מסעדת בשר, מסעדת כבוד, NOOBA, UNAGI","https://metaylimbkipa.com/kosher-restaurants-abroad/kosher-restaurants-in-paris/","2026-05-27T13:04:03.567Z"
"חופשה זוגית בפריז","Paris","France","","","https://easykoshertravel.com/kosher-restaurants-in-paris/","","","unknown","","","Kosher restaurants in Paris – kosher food by arrondissements in English, you can find on Easy Kosher Travel website.","https://metaylimbkipa.com/kosher-restaurants-abroad/kosher-restaurants-in-paris/","2026-05-27T13:04:03.567Z"
"8 תגובות","Paris","France","","","https://metaylimbkipa.com/kosher-restaurants-abroad/kosher-restaurants-in-paris/#comment-39257","","","unknown","","","מאוד , מאוד מעניין יפה מאוד","https://metaylimbkipa.com/kosher-restaurants-abroad/kosher-restaurants-in-paris/","2026-05-27T13:04:03.569Z"
"השארת תגובה","Paris","France","","","https://metaylimbkipa.com/kosher-restaurants-abroad/kosher-restaurants-in-paris/#respond","","","unknown","","","Δ
document.getElementById( ""ak_js_1"" ).setAttribute( ""value"", ( new Date() ).getTime() );","https://metaylimbkipa.com/kosher-restaurants-abroad/kosher-restaurants-in-paris/","2026-05-27T13:04:03.569Z"
"רובנס קפה  Reubens Cafe & Bakery","London","UK","52 Baker St, London W1U 7BT","+44 20 81060202","","שני-חמישי 7:30-17:30, ראשון 9:00-17:30, שישי 7:30-17:30.","KF חלב ישראל","dairy","","","מסעדת רובנס הבשרית הותיקה פתחה לאחרונה (יוני 2024) סניף חלבי כשר מעבר לכביש ברחוב בייקר.","https://metaylimbkipa.com/kosher-restaurants-abroad/kosher-restaurants-in-london/","2026-05-27T13:04:09.748Z"
"Tony Page @ Island Grill","London","UK","26 Paddington St, London W1U 5QY.","+44 20 71398500","","ראשון 11:30-22:00 שני-חמישי 12:00-14:30, 18:00-22:00","בית דין לונדון KLBD.","unknown","","","מסעדה בשרית כשרה במרכז לונדון, בשכונת מרילבון, קרוב למוזיאון מדאם טוסו ולפארק ריג'נט.מציעים גם סעודת שבת ביום שישי בערב בתיאום מראש.","https://metaylimbkipa.com/kosher-restaurants-abroad/kosher-restaurants-in-london/","2026-05-27T13:04:09.748Z"
"מסעדת רובנס Reubens","London","UK","79 Baker St, London W1U 6RG.","+44 20 74860035","","ראשון-חמישי 11:30-22:00, שישי 11:30-14:00","KF (אפשרות לבשר חלק מהדרין).","meat","","","מסעדה בשרית איכותית המגישה אוכל יהודי ביתי. המחירים גבוהים יחסית בגלל המיקום האטרקטיבי (ממש ליד מוזיאון השעווה של מאדאם טוסו).","https://metaylimbkipa.com/kosher-restaurants-abroad/kosher-restaurants-in-london/","2026-05-27T13:04:09.748Z"
"מסעדת מזל MAZAL - Original Shawarma","London","UK","Unit M192 2nd Floor, Hawley Wharf, Second Floor, London NW1 8AA.","+44 20 39511561","","ראשון-חמישי 11:30-22:00","KF","unknown","","","מסעדת מזון מהיר כשרה באזור קמדן, ממש באמצע קמדן מרקט. במקום מציעים אוכל מזרח-תיכוני כמו פלאפל, שווארמה כשרה, קבב, שיפודים ועוד.","https://metaylimbkipa.com/kosher-restaurants-abroad/kosher-restaurants-in-london/","2026-05-27T13:04:09.748Z"
"מצודת לונדון ותערוכת תכשיטי הכתר","London","UK","","+44 7453 816125","https://www.tiqets.com/en/london-attractions-c67458/tickets-for-tower-of-london-p974054/?partner=metaylimbkipa","","בית דין לונדון.","unknown","","","אל תפספסו ביקור במצודה – אחד האתרים המפורסמים ביותר של לונדון. היא כוללת את בית הכלא המפורסם, תערוכת תכשיטי הכתר המדהימה, מוזיאון לתולדות המצודה, בית הנשק של הנרי השמיני ועוד.","https://metaylimbkipa.com/kosher-restaurants-abroad/kosher-restaurants-in-london/","2026-05-27T13:04:09.749Z"
"חדש! Moss & Maple","London","UK","51 Fairfax Rd, London NW6 4EL. [map: https://maps.app.goo.gl/S9rtvdjTsAzrTwiM9]","+44 746 9839104","","ראשון-חמישי 18:00-21:00, שישי 9:00-14:00.","בית דין לונדון KLBD","unknown","","","מסעדה יוקרתית בשרית עם מטבח צרפתי-ים תיכוני, בניצוחו של השף אורי אברהם.","https://metaylimbkipa.com/kosher-restaurants-abroad/kosher-restaurants-in-london/","2026-05-27T13:04:09.749Z"
"Delicatessen","London","UK","46 Rosslyn Hill, London NW3 1NH","+44 20 77005511","","ראשון 12:00-23:00, שני-רביעי 17:00-23:00, חמישי 12:00-23:00, מוצ""ש 19:00-23:00.","בית דין לונדון KLBD","unknown","","","מסעדה בשרית יוקרתית בהמפסטד, עם מטבח מזרח-תיכוני מודרני. מומלץ להזמין מקום מראש.","https://metaylimbkipa.com/kosher-restaurants-abroad/kosher-restaurants-in-london/","2026-05-27T13:04:09.749Z"
"TISH","London","UK","196-198 Haverstock Hill, London NW3 2AG.","+44 20 74313828","","ראשון-חמישי 12:00-14:30 17:30-21:30.","בית דין לונדון KLBD","unknown","","","מסעדת גורמה בשרית כשרה למהדרין בשכונת המפסטד בלונדון. המסעדה מציעה גם ארוחות שבת בהזמנה מראש.","https://metaylimbkipa.com/kosher-restaurants-abroad/kosher-restaurants-in-london/","2026-05-27T13:04:09.749Z"
"מוזיאון השעווה של מאדאם טוסו","London","UK","","","https://www.getyourguide.com/london-l57/london-madame-tussauds-london-t174429/?partner_id=SIN3UNH&utm_medium=online_publisher&cmp=LONDON&mkt_cmp=true&deeplink_id=2d97436a-d25d-527d-be53-d2836fec8193&page_id=237d0417-288f-5002-9c05-8fbc9dc50b56","","","meat","","","אם זהו הביקור הראשון שלכם בלונדון מומלץ לא לוותר על מוזיאון השעווה הוותיק והמפורסם בעולם.","https://metaylimbkipa.com/kosher-restaurants-abroad/kosher-restaurants-in-london/","2026-05-27T13:04:09.749Z"
"חדש!  PUKUSH","London","UK","96 Golders Green Rd, London NW11 8HB. [map: https://maps.app.goo.gl/LqSvqV7ZmZh6ctb4A]","+44 20 81911088","","ראשון-חמישי 17:00-23:00, מוצ""ש 19:00-23:00.","KF","meat","","","מסעדת ביסטרו בשרית, בהשראת ביסטרואים צרפתיים ובתי קפה ניו יורקיים. במקום מציעים בשרים צלויים על האש בלוויית יינות ועוד.","https://metaylimbkipa.com/kosher-restaurants-abroad/kosher-restaurants-in-london/","2026-05-27T13:04:09.749Z"
"חדש!  ברכה  BRACHA","London","UK","118 Golders Green Rd, London NW11 8HB. [map: https://maps.app.goo.gl/NCPSgRYNnkFqhN3D9]","+44 20 38568388","","ראשון-חמישי 11:30-23:00.","KF","meat","","","מסעדת אוכל רחוב בשרית, מבית מסעדת ""מזל"". מציעה מנות מהמטבח הישראלי כמו פלאפל, שניצל, עראייס ועוד.","https://metaylimbkipa.com/kosher-restaurants-abroad/kosher-restaurants-in-london/","2026-05-27T13:04:09.749Z"
"חדש!  Omi Sushi","London","UK","750 Finchley Rd, London NW11 7TH. [map: https://maps.app.goo.gl/ggGZ9bCdyYW1dvPu6;]","+44 20 82641666","https://metaylimbkipa.com/kosher-restaurants-abroad/kosher-restaurants-in-london/#hotels-golders","ראשון 12:00-22:00, שני-רביעי 16:00-22:00, חמישי 12:00-22:00.","בית דין לונדון KLBD","dairy","","","מסעדת סושי כשרה בטמפל פורצ'ן (צפונית לגולדרס גרין).","https://metaylimbkipa.com/kosher-restaurants-abroad/kosher-restaurants-in-london/","2026-05-27T13:04:09.750Z"
"מאפיות כשרות בלונדון - גולדרס גרין","London","UK","20, Russell Parade, Golders Green Rd, London NW11 9NN [map: https://maps.app.goo.gl/5fpckgmhVYXXLshe9]","+44 20 84588984כשרות: בית דין לונדון (KLBD).","https://www.booking.com/hotel/gb/kadimah.he.html?aid=1221689","ראשון 8:00-20:00, שני-חמישי 7:00-20:00, שישי 13:30–7:00.כתובת: Address: 20, Russell Parade, Golders Green Rd, London NW11 9NN","בית דין לונדון (KLBD).","dairy","","","Coco Bakery– מאפייה וקונדיטוריה בלב שכונת גולדרס גרין עם מקומות ישיבה. מציעים גם קפה, כריכים, טוסטים וכו'.","https://metaylimbkipa.com/kosher-restaurants-abroad/kosher-restaurants-in-london/","2026-05-27T13:04:09.750Z"
"מאפיות כשרות בלונדון - סטמפורד היל","London","UK","168-170, 170 Clapton Common, London E5 9AG.טלפון: T +44 20 88024166כשרות: מהדרין כדתיא.","+44 20 88024166כשרות: מהדרין כדתיא.","https://grodzinski.co.uk/","ראשון-חמישי 7:00-1:00, שישי 7:00-15:00.כתובת: 168-170, 170 Clapton Common, London E5 9AG.טלפון: T +44 20 88024166כשרות: מהדרין כדתיא.","מהדרין כדתיא.","dairy","","","מאפיית גרודזינסקי Grodzinski – מאפיה ענקית ומשובחת, ככל הנראה המאפיה הכשרה הותיקה בעולם שעדיין פעילה. נוסדה בשנת 1888(!) וכיום מחזיקה שני סניפים בשכונת סטמפורד היל – סניף מרכזי בקלפטון קומון, וסניף ותיק בדנסמור רואד.","https://metaylimbkipa.com/kosher-restaurants-abroad/kosher-restaurants-in-london/","2026-05-27T13:04:09.750Z"
"קבוצת וואטסאפ ללונדון - כל מה שתצטרכו לטיול הבא!","London","UK","55-57 Church Rd, London NW4. [map: https://maps.app.goo.gl/FGYabWf1FvnKnWVBA]","+44 20 8203 6919","https://chat.whatsapp.com/HEygoUmVaBv2YXleGXSmIw","ראשון-חמישי 7:00-21:00, שישי 7:00 – כשעה לפני השקיעה.","בית דין לונדון KLBD.","dairy","","","להצטרפות לקבוצת הוואטסאפ של לונדון מבית ""מטיילים בכיפה"" פשוט לחצו כאן >","https://metaylimbkipa.com/kosher-restaurants-abroad/kosher-restaurants-in-london/","2026-05-27T13:04:09.751Z"
"מלנות מומלצים במרכז לונדון","London","UK","","","https://www.booking.com/hotel/gb/novotel-london-paddington.he.html?aid=1221689&label=kosher-rest","","לאורחים לפי דרישה. ניתן לפנות למלון לאחר ההזמנה בבוקינג לקבל את התפריט הכשר ולהזמין ממנו. המנות הכשרות יגיעו למלון ביום שבו הוזמנו. בנוסף, צוות אדיב ומודע לצרכים של שומרי שבת.","dairy","","","Novotel London Paddington – מלון 4 כוכבים מצוין במרכז לונדון. מיקום מעולה – ליד תחנת רכבת מרכזית, סמוך ל""ונציה הקטנה"". מרחק 20 דקות הליכה מרחוב אוקספורד.","https://metaylimbkipa.com/kosher-restaurants-abroad/kosher-restaurants-in-london/","2026-05-27T13:04:09.751Z"
"מלונות כשרים באזור היהודי בצפון לונדון - גולדרס גרין","London","UK","155 Golders Green Rd.King Solomon Hotel – מלון ברמה בינונית, אין משגיח כשרות במקום אבל המוצרים כשרים. פשוט מאד ודי ישן, והיתרון היחיד הוא המיקום המעולה בלב שכונת גולדרס גרין. כתובת: 155 Golders Green Rd.","","https://www.booking.com/hotel/gb/mstay-golders-green.he.html?aid=1221689&label=kosher-rest","","","dairy","","","שבת: המלון מספק בשבת מפתח מכני רגיל (לא כרטיס דיגיטלי) לאורחים שומרי מצוות. דלת המלון הראשית נפתחת באופן חשמלי, אך הצוות מודע לבעיה ופותח אותה עבור האורחים.","https://metaylimbkipa.com/kosher-restaurants-abroad/kosher-restaurants-in-london/","2026-05-27T13:04:09.751Z"
"דירות מומלצות בשכונת גולדרס גרין בלונדון","London","UK","","","https://www.booking.com/hotel/gb/m-hotels-apartments.he.html?aid=1221689&label=kosher-rest","","","dairy","","","© כל הזכויות שמורות ל""מטיילים בכיפה"". ט.ל.ח.","https://metaylimbkipa.com/kosher-restaurants-abroad/kosher-restaurants-in-london/","2026-05-27T13:04:09.751Z"
"3 תגובות","London","UK","","","https://metaylimbkipa.com/kosher-restaurants-abroad/kosher-restaurants-in-london/#comment-40633","","","dairy","","","Hi please add my restaurant Deli98 in London Stamford Hill","https://metaylimbkipa.com/kosher-restaurants-abroad/kosher-restaurants-in-london/","2026-05-27T13:04:09.752Z"
"השארת תגובה","London","UK","","","https://metaylimbkipa.com/kosher-restaurants-abroad/kosher-restaurants-in-london/#respond","","","dairy","","","Δ
document.getElementById( ""ak_js_1"" ).setAttribute( ""value"", ( new Date() ).getTime() );","https://metaylimbkipa.com/kosher-restaurants-abroad/kosher-restaurants-in-london/","2026-05-27T13:04:09.752Z"
"מייק'ס ביסטרו   Mike's Bistro","New York","USA","127 E 54th St, New York, NY.","+1 212 7993911","","ראשון,שני, חמישי 17:30-22:00, שלישי, רביעי 12:00-13:45 17:30-22:00.","OU","meat","","$$$$","מסעדה בשרית אלגנטית ואיכותית. יקרה למדי.","https://metaylimbkipa.com/kosher-restaurants-abroad/kosher-restaurants-in-new-york/","2026-05-27T13:04:13.621Z"
"ברנע ביסטרו   Barnea Bistro","New York","USA","211 E 46th St, New York, NY.","+1 212 4611001","","ראשון 17:00-22:30, שני-חמישי 12:00-14:30 17:00-22:30.","OU","meat","","$$$","מסעדה בשרית ברמה גבוהה באזור מידטאון איסט. התפריט מבוסס על חומרי גלם עונתיים, והמטבח פתוח לעיני הסועדים.","https://metaylimbkipa.com/kosher-restaurants-abroad/kosher-restaurants-in-new-york/","2026-05-27T13:04:13.622Z"
"Rothschild TLV","New York","USA","1129 Lexington Ave, New York.","+1 917 3414169","","ראשון-חמישי 12:00-22:30, מוצ""ש 19:00-24:00.","OU מהדרין. משגיח צמוד.","meat","","$$$","מסעדה כשרה חדשה יחסית עם מטבח ים תיכוני בהשראת רחוב רוטשילד בתל אביב.","https://metaylimbkipa.com/kosher-restaurants-abroad/kosher-restaurants-in-new-york/","2026-05-27T13:04:13.622Z"
"Tabernacle Steakhouse","New York","USA","315 W 36th St., New York, NY.","+1 212 9337001","","ראשון 17:00-22:00, שני-חמישי 11:30-22:00.","OU","meat","","$$$$","מסעדה מודרנית כשרה במרכז מנהטן, במידטאון ווסט. בנוסף לתפריט עשיר של בשרים ודגים מציעה גם מגוון יינות כשרים מכל רחבי העולם.","https://metaylimbkipa.com/kosher-restaurants-abroad/kosher-restaurants-in-new-york/","2026-05-27T13:04:13.622Z"
"רזרב קאט Reserve Cut","New York","USA","40 Broad St 2nd Floor, New York.","+1 212 9337001","","ראשון 17:00-22:30, שני-חמישי 12:00-22:30, מוצ""ש 19:00-22:30.","OU","meat","","$$$$","מסעדת בשרים יוקרתית באזור דאונטאון מנהטן. מציעה מטבח פיוזן צרפתי אנין.","https://metaylimbkipa.com/kosher-restaurants-abroad/kosher-restaurants-in-new-york/","2026-05-27T13:04:13.622Z"
"Noi Due Carne","New York","USA","141 W 69th St, New York, NY.","+1 212 7122223","","ראשון 16:00-22:00, שני-חמישי 17:00-23:00, מוצ""ש שעה אחרי צאת השבת – 24:00.","מהדרין OK בית יוסף. כל הבשר והעופות הינם משחיטה חסידית, הבשר שחיטת בית יוסף.","meat","","$$","מסעדה בשרית כשרה בסגנון ים-תיכוני בבעלות מסעדן ישראלי ואשתו האיטלקיה, הכוללת גם מאכלים מרוקאיים ואיטלקיים.מציעים גם בירות קרפט וקוקטיילים.","https://metaylimbkipa.com/kosher-restaurants-abroad/kosher-restaurants-in-new-york/","2026-05-27T13:04:13.622Z"
"בוניטו  Bonito","New York","USA","31 W 17th St, New York.","+1 212 2098822","","ראשון-חמישי 17:00-22:30, מוצ""ש 19:30-22:30.","OU","meat","","$$$","מסעדת שף בשרית כשרה למהדרין במרכז מנהטן, לא רחוק מיוניון סקוור.","https://metaylimbkipa.com/kosher-restaurants-abroad/kosher-restaurants-in-new-york/","2026-05-27T13:04:13.622Z"
"Le Marais","New York","USA","150 W 46th St, New York, NY.","+1 212 8690900","","ראשון-שלישי 11:30-23:00, רביעי-חמישי 11:30-24:00, שישי 12:00-14:00.","OU","meat","","$$$","מסעדת ביסטרו צרפתית ותיקה, אשר מתמחה בבשרים. קרובה לטיימס סקוור.","https://metaylimbkipa.com/kosher-restaurants-abroad/kosher-restaurants-in-new-york/","2026-05-27T13:04:13.622Z"
"UN Plaza Grill","New York","USA","845 United Nations Plaza, New York.","+1 212 2231801","","ראשון-חמישי 17:00-23:00, מוצ""ש 20:00-23:00.","OU","meat","","$$$$","מסעדת שף כשרה עם מטבח בינלאומי המשקיפה על בנין האו""ם בניו יורק.","https://metaylimbkipa.com/kosher-restaurants-abroad/kosher-restaurants-in-new-york/","2026-05-27T13:04:13.622Z"
"מסעדת זאב וכבש  Wolf & Lamb Steakhouse","New York","USA","16 E 48th St, New York.","+1 212 3171950","","ראשון 16:00-22:00, שני-חמישי 12:00-22:00, מוצ""ש 20:00-23:00.","OU","meat","","$$$","מסעדת בשרים ותיקה ויוקרתית בלב מנהטן, ליד מרכז רוקפלר.","https://metaylimbkipa.com/kosher-restaurants-abroad/kosher-restaurants-in-new-york/","2026-05-27T13:04:13.622Z"
"תצפית SUMMIT בניו יורק","New York","USA","","","https://www.tiqets.com/en/new-york-attractions-c260932/tickets-for-summit-one-vanderbilt-p1023033/?partner=metaylimbkipa","","","meat","","$","תצפית מדהימה עם נוף פנורמי לעיר ניו יורק, אשר משלבת יצירות אמנות מיוחדות שיוצרות באמצעות מראות והשתקפויות חוויה ייחודית.","https://metaylimbkipa.com/kosher-restaurants-abroad/kosher-restaurants-in-new-york/","2026-05-27T13:04:13.623Z"
"Kasbah Grill","New York","USA","251 W 85th, New York.","+1 212 4961500","","ראשון 16:00-22:00, שני-חמישי 12:00-22:00, מוצ""ש 20:00-23:00.","OK","meat","","$$$","מסעדה בשרית עממית כשרה בלב ניו יורק.","https://metaylimbkipa.com/kosher-restaurants-abroad/kosher-restaurants-in-new-york/","2026-05-27T13:04:13.623Z"
"Talia's Steakhouse and Bar","New York","USA","668 Amsterdam Ave, New York.","+1 212 5803770","","ראשון-חמישי 16:00-22:30, מוצ""ש שעה אחרי צאת השבת – 3:00.","מהדרין הרב מרמורשטיין","meat","","$$$","מסעדה בשרית כשרה למהדרין במנהטן, אשר מציעה מאכלים אמריקאיים ומזרח תיכוניים.במקום גם מציעים סעודות שבת וחג בתשלום מראש.","https://metaylimbkipa.com/kosher-restaurants-abroad/kosher-restaurants-in-new-york/","2026-05-27T13:04:13.623Z"
"Eighteen","New York","USA","240 E 81st St, New York.","+1 212 5172400","","ראשון-חמישי 12:00-22:00, שישי 9:00-13:00.","OK","meat","","$$$","מסעדה בשרית כשרה בניו יורק המציעה גם סושי.","https://metaylimbkipa.com/kosher-restaurants-abroad/kosher-restaurants-in-new-york/","2026-05-27T13:04:13.623Z"
"מיסטר ברודווי  Mr. Broadway","New York","USA","209 W 38th St, New York.","+1 212 9212152","","ראשון: טייקאווי 10:00-22:00, ארוחה במקום 11:00-22:00שני-חמישי: טייקאווי 9:00-22:00, ארוחה במקום 11:00-22:00שישי: טייקאווי 9:00-14:00.","OU","meat","","$$","מסעדת גריל בשרית ותיקה עם מטבח ניו יורקי מודרני וכשר.","https://metaylimbkipa.com/kosher-restaurants-abroad/kosher-restaurants-in-new-york/","2026-05-27T13:04:13.623Z"
"Mocha Burger LUX - Times Square","New York","USA","4 E 46th St, New York, NY 10017.","+1 212 5176353","","ראשון-חמישי 11:30-24:00מוצ""ש 21:00-2:00.","OU","meat","","$$$","מסעדת  בורגרים וסטייקים טרנדית ויוקרתית במרכז מנהטן, סמוך למרכז רוקפלר וטייימס סקוור.במקום יש גם בר משקאות וקוקטיילים.","https://metaylimbkipa.com/kosher-restaurants-abroad/kosher-restaurants-in-new-york/","2026-05-27T13:04:13.623Z"
"מוקהבורגר  Mocha Burger","New York","USA","496 LaGuardia Pl, New York, NY 10012.","+1 212 9823800","","ראשון-רביעי 11:00-24:00חמישי 11:00-2:00מוצ""ש: שעה לאחר צאת השבת – חצות.","OU","meat","","$$","מסעדת  בורגרים בדרום מנהטן, ליד וושינגטון סקוור.","https://metaylimbkipa.com/kosher-restaurants-abroad/kosher-restaurants-in-new-york/","2026-05-27T13:04:13.623Z"
"Izzy’s Smokehouse","New York","USA","660 Amsterdam Ave, New York, NY 10025.","+1 347 4250524","","ראשון-חמישי 12:00-22:00","OK","meat","","$$","מסעדת בשרים מובחרת ועטורת פרסים, עם סניפים בברוקלין, מיאמי ואפר ווסט-סייד במנהטן.","https://metaylimbkipa.com/kosher-restaurants-abroad/kosher-restaurants-in-new-york/","2026-05-27T13:04:13.623Z"
"מלכה (אייל שני)  Malka","New York","USA","161 W 72nd St, New York, NY 10023.","+1 929 3884999","","ראשון-רביעי 17:00-22:00חמישי 17:00-23:00מוצ""ש 21:00-חצות","הרב מעלמאן (NATIONAL KOSHER SUPERVISION)","meat","","$$$","המסעדה הכשרה הראשונה של השף אייל שני בארה""ב, ממוקמת באפר ווסט-סייד, לא רחוק מלינקולן סקוור ומוזיאון הטבע. מציעה תפריט הכולל מנות טבעוניות, דגים ובשר.","https://metaylimbkipa.com/kosher-restaurants-abroad/kosher-restaurants-in-new-york/","2026-05-27T13:04:13.623Z"
"כשר דלוקס  Kosher Deluxe","New York","USA","10 W 46th St, New York, NY.","+1 212 8696699","","שני-חמישי: 9:30-18:30שישי: טייקאווי 10:00-14:00","הרב עמרם רוט","meat","","$$","מסעדת פועלים בשרית פשוטה ופונקציונלית בלב מנהטן, ליד מרכז רוקפלר. במקום מגישים מנות מהירות כמו שווארמה כשרה, המבורגר, פלאפל ועוד במחירים נוחים.","https://metaylimbkipa.com/kosher-restaurants-abroad/kosher-restaurants-in-new-york/","2026-05-27T13:04:13.623Z"
"פיתה גריל  Pita Grill Kosher","New York","USA","1083 2nd Ave, New York, NY 10022.","+1 212 7501122","","ראשון-חמישי: 10:00-22:45שישי 10:00-14:00מוצ""ש 19:00-1:00","OU","meat","","$$","רשת מזון מהיר בשרית עם סניף כשר באיסט סייד במנהטן, ליד הרכבל לרוזוולט איילנד.","https://metaylimbkipa.com/kosher-restaurants-abroad/kosher-restaurants-in-new-york/","2026-05-27T13:04:13.623Z"
"סושי טוקיו  Sushi Tokyo","New York","USA","121 W 19th St, New York.","+1 212 6334330","","ראשון: טייקאווי 10:00-22:00, ארוחה במקום 11:00-22:00שני-חמישי: טייקאווי 9:00-22:00, ארוחה במקום 11:00-22:00שישי: טייקאווי 9:00-14:00.","OK","meat","","$$","רשת מסעדות סושי כשרה עם סניפים במנהטן, ברוקלין, קווינס ולונג איילנד.","https://metaylimbkipa.com/kosher-restaurants-abroad/kosher-restaurants-in-new-york/","2026-05-27T13:04:13.624Z"
"טמפורה  Tempura NYC","New York","USA","511 9th Ave, New York.","+1 845 3271957","","ראשון-חמישי 17:00-23:00, מוצ""ש 20:30-1:00.","OK","meat","","$$","מסעדה אסייתית כשרה למהדרין (חלבית) במרכז מנהטן, באזור מידטאון ווסט.","https://metaylimbkipa.com/kosher-restaurants-abroad/kosher-restaurants-in-new-york/","2026-05-27T13:04:13.624Z"
"תצפית אדג' Edge","New York","USA","","","https://www.tiqets.com/en/new-york-attractions-c260932/tickets-for-edge-at-hudson-yards-general-admission-p993713/?partner=metaylimbkipa","","","dairy","","","מרפסת תצפית בולטת החוצה בבנין ה- Edge אשר בהדסון יארד.","https://metaylimbkipa.com/kosher-restaurants-abroad/kosher-restaurants-in-new-york/","2026-05-27T13:04:13.624Z"
"מסעדת חלב ודבש  Milk N' Honey","New York","USA","12 E 46th St, New York, NY.","+1 212 7644400","","ראשון-חמישי 7:00-18:00, שישי 7:00-13:30.","OU","dairy","","$$","מסעדה חלבית כשרה למהדרין במרכז מנהטן, ליד רוקפלר סנטר. מציעה מגוון סוגי פיצות, כריכים וסלטים בהרכבה עצמית, מרקים ועוד.","https://metaylimbkipa.com/kosher-restaurants-abroad/kosher-restaurants-in-new-york/","2026-05-27T13:04:13.624Z"
"Patis Bakery","New York","USA","750 8th Ave, New York, NY.טלפון: T +1 212 6527115שעות פתיחה:ראשון-חמישי 7:00-0:00שישי  7:00-16:00","+1 212 6527115שעות פתיחה:ראשון-חמישי 7:00-0:00שישי  7:00-16:00","https://www.booking.com/hotel/us/nomo-soho.he.html?aid=1221689","ראשון-חמישי 7:00-0:00שישי  7:00-16:00","מהדרין הרב מרמורשטיין","dairy","","$$","רשת מאפיות ובתי קפה איכותית אשר מציעה מלבד מאפים ולחמים, גם מגוון כריכים, סלטים, גלידות ועוד.","https://metaylimbkipa.com/kosher-restaurants-abroad/kosher-restaurants-in-new-york/","2026-05-27T13:04:13.625Z"
"מסעדת הביתה  Abaita","New York","USA","145 E 49th St, New York.","+1 646 8085518","","ראשון-חמישי 12:00-21:00, שישי 11:45-14:00, מוצ""ש 19:30-23:00.","OK","dairy","","$$$","מסעדה חלבית כשרה במרכז מנהטן, המשלבת את  עולם האוכל היהודי והאיטלקי. היא ממוקמת באזור מידטאון איסט.","https://metaylimbkipa.com/kosher-restaurants-abroad/kosher-restaurants-in-new-york/","2026-05-27T13:04:13.625Z"
"Noi Due Cafe","New York","USA","491 Columbus Ave, New York.","+1 212 7122222","","ראשון-חמישי 11:00-23:00, מוצ""ש שעה אחרי צאת השבת – חצות.","OK","dairy","","$$$","מסעדה חלבית איטלקית בלב מנהטן, ליד סנטרל פארק ומוזיאון הטבע. במקום מגישים פיצה שנאפית פיצה הנאפית בתנור לבנים, ומנות חלביות כמו קרפצ'יו חציל, פסטות וכו'.","https://metaylimbkipa.com/kosher-restaurants-abroad/kosher-restaurants-in-new-york/","2026-05-27T13:04:13.625Z"
"ג'רוזלם קפה  Jerusalem Cafe","New York","USA","7 W 36th St. Ground Floor, New York.","+1 212 3981475","","ראשון 12:00-20:00, שני-חמישי 7:30-18:00, שישי 7:30-14:30.","OK","dairy","","$$","בית קפה כשר במרכז ניו יורק, אשר מציע גם פסטות, פיצות, סלטים, טוסטים ואפילו סושי.","https://metaylimbkipa.com/kosher-restaurants-abroad/kosher-restaurants-in-new-york/","2026-05-27T13:04:13.625Z"
"Tiberias","New York","USA","45 E 34th St, New York.","+1 212 4814222","","ראשון-חמישי 12:00-24:00, מוצ""ש שעה אחרי צאת השבת – 1:30.","OK","dairy","","$$$","מסעדה חלבית כשרה למהדרין המציעה מנות דגים, פיצות, פסטות, סלטים, סושי ועוד.","https://metaylimbkipa.com/kosher-restaurants-abroad/kosher-restaurants-in-new-york/","2026-05-27T13:04:13.625Z"
"Modern Bread and Bagel","New York","USA","472 Columbus Ave, New York, NY.טלפון: T +1 646 7752985שעות פתיחה:ראשון-חמישי 8:00-21:30שישי  8:00-16:30","+1 646 7752985שעות פתיחה:ראשון-חמישי 8:00-21:30שישי  8:00-16:30","","ראשון-חמישי 8:00-21:30שישי  8:00-16:30","ICK הרב זאב שוורץ","dairy","","$$","מסעדת בייגלס כשרה עם תפריט ללא גלוטן, הכוללת שני סניפים במנהטן, אחד במרכז – אפר ווסט-סייד, והשני באזור צ'לסי.","https://metaylimbkipa.com/kosher-restaurants-abroad/kosher-restaurants-in-new-york/","2026-05-27T13:04:13.625Z"
"Rosie's Pizza","New York","USA","1385 Broadway, New York, NY 10018.","+1 917 6282190","","ראשון 12:00-20:00, שני-חמישי 9:00-20:00, שישי 9:00-15:00","מהדרין CRC (התאחדות הרבנים דארה""ב וקנדה)","dairy","","$","פיצה כשרה למהדרין במרכז המידטאון במנהטן, סמוך לבריאנט פארק ולחנות הכלבו מייסיז. במקום מגישים פיצה, פלאפל, סלטים, כריכים ואפילו פיצה טבעונית.","https://metaylimbkipa.com/kosher-restaurants-abroad/kosher-restaurants-in-new-york/","2026-05-27T13:04:13.625Z"
"בראבו פיצה  Bravo","New York","USA","378 5th Ave, New York.טלפון: T +1 212 2684499שעות פתיחה:ראשון 11:00-20:00שני-חמישי 10:00-22:00 שישי  10:00-14:00מוצ""ש 20:00-2:00","+1 212 2684499שעות פתיחה:ראשון 11:00-20:00שני-חמישי 10:00-22:00 שישי  10:00-14:00מוצ""ש 20:00-2:00","https://www.bravokosherpizza.com/","ראשון 11:00-20:00שני-חמישי 10:00-22:00 שישי  10:00-14:00מוצ""ש 20:00-2:00","OK חלב ישראל","dairy","","$$","רשת פיצריות ידועה עם שני סניפים כשרים במנהטן, אחד במרכז – מידטאון, והשני בדרום – דאונטאון.","https://metaylimbkipa.com/kosher-restaurants-abroad/kosher-restaurants-in-new-york/","2026-05-27T13:04:13.625Z"
"Bodhi Kosher Vegetarian Restaurant","New York","USA","77 Mulberry St, New York, NY 10013.","+1 212 2332921","","שני-ראשון 11:00-21:45","CupK (הרב ישראל מאיר הלוי שטיינברגר, מונסי)","dairy","","$$","מסעדה סינית אותנטית טבעונית וכשרה באזור צ'יינהטאון בדרום מנהטן.","https://metaylimbkipa.com/kosher-restaurants-abroad/kosher-restaurants-in-new-york/","2026-05-27T13:04:13.626Z"
"פלאפל מוישה Moshe’s falafel - הפודטראק הכשר היחיד במנהטן","New York","USA","1411 Broadway, New York, NY.טלפון: T +1 917 540-5717שעות פתיחה:ראשון-חמישי 11:00-17:00","+1 917 540-5717שעות פתיחה:ראשון-חמישי 11:00-17:00","https://www.booking.com/hotel/us/the-iroquois-new-york.he.html?aid=1221689&label=kosherest","ראשון-חמישי 11:00-17:00","ועד הרבנים קווינס","dairy","","$","פודטראק כשר למהדרין עם שני סניפים במרכז מנהטן: אחד ליד הטיימס סקוור, והשני קרוב יותר למרכז רוקפלר.","https://metaylimbkipa.com/kosher-restaurants-abroad/kosher-restaurants-in-new-york/","2026-05-27T13:04:13.626Z"
"מחיר אטרקטיבי, ותמורה מעולה למחיר","New York","USA","","","https://www.booking.com/hotel/us/hyatt-place-new-york.he.html?aid=1221689&label=kosherest","","","dairy","","$","מלון MOXY NYC Times Square – מלון חדש ועדכני במיקום מעולה מרכז מנהטן ובמחיר סופר אטרקטיבי! צוות אדיב ומסייע. רבע שעה מבית חב""ד. החדרים קטנים מאד, אבל למי שרוצה לחסוך ועדיין לשהות במלון חדש ונקי זו אופציה מצוינת, ומלבד זאת אפשר גם להזמין חדר גדול יותר בתוספת תשלום.","https://metaylimbkipa.com/kosher-restaurants-abroad/kosher-restaurants-in-new-york/","2026-05-27T13:04:13.627Z"
"תצפית סאמיט SUMMIT ON VANDERBILT","New York","USA","","","https://metaylimbkipa.com/a-week-in-new-york/","","","dairy","","$","הביקור במקום הוא חוויה רב חושית מדהימה, משחק של מראות והשתקפויות אינסופיות מול נופי מנהטן.","https://metaylimbkipa.com/kosher-restaurants-abroad/kosher-restaurants-in-new-york/","2026-05-27T13:04:13.627Z"
"פיצרייה כשרה  Pizza & Co","Amsterdam","Netherlands","Kastelenstraat 105A, Amsterdam.","+31 20 4044453","","ראשון-חמישי 12:00-21:00, שישי 11:00-14:00.","","unknown","","","פיצה כשרה באמסטרדם. מציעים גם פלאפל וכד'. במקום מגישים את הצ'יפס הכשר באמסטרדם הטוב ביותר שטעמנו.","https://metaylimbkipa.com/kosher-restaurants-abroad/kosher-restaurants-in-amsterdam/","2026-05-27T13:04:18.353Z"
"רימון דלי  Rimon Deli (David’s Corner)","Amsterdam","Netherlands","Kastelenstraat 69, Amsterdam.","+31 20 6461002","","ראשון 10:00-16:30, שני-חמישי 8:30-18:00, שישי 8:30-16:00.","","unknown","","","בית קפה חלבי, מאפיה וחנות כשרה באמסטרדם.","https://metaylimbkipa.com/kosher-restaurants-abroad/kosher-restaurants-in-amsterdam/","2026-05-27T13:04:18.353Z"
"מיט מי כשר  Meat Me Kosher","Amsterdam","Netherlands","Kastelenstraat 65, Amsterdam.","+31 20 3541744","","ראשון-חמישי 12:00-22:00, שישי 11:00-15:00.","","meat","","","מסעדה בשרית כשרה בסגנון מזרחי/מרוקאי באזור היהודי באמסטרדם.","https://metaylimbkipa.com/kosher-restaurants-abroad/kosher-restaurants-in-amsterdam/","2026-05-27T13:04:18.353Z"
"חדש! טעים טעים  Taim Taim","Amsterdam","Netherlands","Kastelenstraat 265,  Amsterdam.","+31 20 7868609","","ראשון-חמישי 13:00-22:00.","","unknown","","","מסעדה בשרית כשרה בסגנון ים-תיכוני.התפריט כולל מגוון מנות בסגנון מזרחי-ישראלי כמו חומוס, פלאפל, שווארמה, שיפודים ועוד.","https://metaylimbkipa.com/kosher-restaurants-abroad/kosher-restaurants-in-amsterdam/","2026-05-27T13:04:18.353Z"
"סאל מאייר  Sandwichshop Sal Meijer","Amsterdam","Netherlands","Professor J.H. Bavincklaan 5, Amstelveen.","+31 20 2135555","","ראשון-חמישי 11:00-22:00, שישי 11:00-15:30.","לא ידוע","unknown","","","מעדנייה כשרה וותיקה באזור היהודי באמסטרדם. היתה סגורה למשך כמה שנים, ונפתחה מחדש לאחרונה.המקום מפורסם כבר עשרות שנים בגלל כריכי הבשר הכבושים, נקניקים, חצי-סנדוויץ' וקציצות דגים. אוכל פשוט, טעים ותוצרת בית.","https://metaylimbkipa.com/kosher-restaurants-abroad/kosher-restaurants-in-amsterdam/","2026-05-27T13:04:18.353Z"
"חדש!  Food Court Amsterdam City South","Amsterdam","Netherlands","Professor J.H. Bavincklaan 5, 1183 AT Amstelveen.","+31 20 2135555","https://www.booking.com/hotel/nl/ibis-budget-amsterdam-city-south.he.html?aid=1221689&label=kosherest","ראשון-חמישי 11:00-22:00, שישי 11:00-15:30.","רבנות מהדרין אמסטרדם, הרב אליעזר וולף.","unknown","","","מסעדה חלבית כשרה בלב אמסטלווין (האזור היהודי באמסטרדם), במתחם בו מאחדים כמה מותגי אוכל מגוונים תחת קורת גג אחת. במקום מציעים גם שירות משלוחים הישר לחדר המלון (המסעדה ממוקמת ליד מלון איביס ומלון Adagio).","https://metaylimbkipa.com/kosher-restaurants-abroad/kosher-restaurants-in-amsterdam/","2026-05-27T13:04:18.353Z"
"מסעדת מחנה יהודה  Machane Yehuda Amsterdam","Amsterdam","Netherlands","Albert Cuypstraat 165, Amsterdam.","+31 6 12177038","","ראשון-חמישי 13:00-22:00.","","unknown","","","מסעדה בשרית כשרה למהדרין במרכז אמסטרדם, בהנהלת חב""ד אמסטרדם.מציעים מגוון בשרים כמו אסאדו, אנטריקוט, פרגיות וכו', דגים, סלטים ועוד.","https://metaylimbkipa.com/kosher-restaurants-abroad/kosher-restaurants-in-amsterdam/","2026-05-27T13:04:18.353Z"
"מסעדת לה ביס La Biss Kosher Street Food","Amsterdam","Netherlands","Albert Cuypstraat 278, Amsterdam","+31 6 11116263","","ראשון-חמישי: 10:00-17:00.","","unknown","","","מסעדת בשרית של אוכל מהיר בשוק אלברט קופ, דקות ספורות מבית חב""ד. מציעה פלאפל, שניצל בפיתה וכו'.","https://metaylimbkipa.com/kosher-restaurants-abroad/kosher-restaurants-in-amsterdam/","2026-05-27T13:04:18.353Z"
"La Basta - Kosher Street Food","Amsterdam","Netherlands","De Clercqstraat 16H, 1052 ND Amsterdam","+31 20 2210246","","ראשון-חמישי: 14:00-22:00.","הקהילה הפורטוגזית הישראלית אמסטרדם","unknown","","","מסעדת בשרית של אוכל מהיר במרכז אמסטרדם, לא רחוק מבית אנה פרנק. מציעה פלאפל, שניצל בפיתה וכו'.","https://metaylimbkipa.com/kosher-restaurants-abroad/kosher-restaurants-in-amsterdam/","2026-05-27T13:04:18.354Z"
"צרכניית מאווס  Mouwes Kosher Delicat","Amsterdam","Netherlands","Kastelenstraat 261, Amsterdam.","+31 20 6610180","","ראשון 10:00-18:00, שני-חמישי 9:00-18:00, שישי 7:30-14:00.","","unknown","","","חנות מכולת ומעדניה כשרה באזור היהודי באמסטרדם.תוכלו למצוא בחנות מגוון מוצרים, ביניהם לחם, מוצרי חלב ובשר ואפילו מוצרים ישראלים. מציעים גם מוצרים אורגניים.","https://metaylimbkipa.com/kosher-restaurants-abroad/kosher-restaurants-in-amsterdam/","2026-05-27T13:04:18.354Z"
"סופרמרקט ג'מבו  Jumbo","Amsterdam","Netherlands","Kastelenstraat 70, Amsterdam.","+31 20 3012680","","ראשון 10:00-21:00, שני-שבת 8:00-22:00.","","unknown","","","סופרמרקט עם מחלקה כשרה גדולה הכוללת בשר, חלב, לחם ומוצרים קפואים.","https://metaylimbkipa.com/kosher-restaurants-abroad/kosher-restaurants-in-amsterdam/","2026-05-27T13:04:18.354Z"
"סופרמרקט ג'מבו  Jumbo","Amsterdam","Netherlands","Buitenveldertselaan 184, Amsterdam.","+31 20 3019160","","ראשון 8:00-21:00, שני-שבת 7:30-22:00.","","unknown","","","סופרמרקט עם מחלקה קטנה של מוצרים כשרים.","https://metaylimbkipa.com/kosher-restaurants-abroad/kosher-restaurants-in-amsterdam/","2026-05-27T13:04:18.354Z"
"איטליז מרכוס  Marcus","Amsterdam","Netherlands","Kastelenstraat 111-A, Amsterdam.","+31 20 6719881","https://kasjroet.nik.nl/","רביעי-חמישי 8:30-17:00, שישי 8:30-13:00.","(מוצרי חלב שמופיעים ברשימה זו אינם חלב ישראל!)","dairy","","","אטליז כשר באזור היהודי באמסטרדם.","https://metaylimbkipa.com/kosher-restaurants-abroad/kosher-restaurants-in-amsterdam/","2026-05-27T13:04:18.354Z"
"מלונות באזור היהודי באמסטרדם - דרום העיר","Amsterdam","Netherlands","","","https://www.booking.com/hotel/nl/holiday-inn-express-amsterdam-south.he.html?aid=1221689&no_rooms=1&group_adults=1&label=kosherest","","ניתן להזמין ארוחות כשרות למהדרין בתוספת תשלום. בנוסף, יש במלון קומה לשומרי שבת ללא חיישנים, עם מפתח רגיל וכד'.","unknown","","","מתאים לשומרי שבת: צוות המלון מודע לצרכים של שומרי שבת, מספק מפתח רגיל ומסייע בכל שאלה ובקשה.","https://metaylimbkipa.com/kosher-restaurants-abroad/kosher-restaurants-in-amsterdam/","2026-05-27T13:04:18.355Z"
"3 תגובות","Amsterdam","Netherlands","","","https://metaylimbkipa.com/kosher-restaurants-abroad/kosher-restaurants-in-amsterdam/#comment-41042","","","unknown","","","תודה המידע עזר מאד, יש אוטובוס סיור שנוסע באמסטרדם להכרת העיר עם הדרכה בעברית?","https://metaylimbkipa.com/kosher-restaurants-abroad/kosher-restaurants-in-amsterdam/","2026-05-27T13:04:18.356Z"
"השארת תגובה","Amsterdam","Netherlands","","","https://metaylimbkipa.com/kosher-restaurants-abroad/kosher-restaurants-in-amsterdam/#respond","","","unknown","","","Δ
document.getElementById( ""ak_js_1"" ).setAttribute( ""value"", ( new Date() ).getTime() );","https://metaylimbkipa.com/kosher-restaurants-abroad/kosher-restaurants-in-amsterdam/","2026-05-27T13:04:18.356Z"
"רשימת כשרות של גרמניה","Berlin","Germany","","","https://kaj-berlin.de/wp-content/uploads/2016/01/Kahal_Adass_Jisroel_Koscherliste_2016.pdf","","","dairy","","","","https://metaylimbkipa.com/kosher-restaurants-abroad/kosher-restaurants-in-berlin/","2026-05-27T13:04:24.148Z"
"מלון כשר בברלין","Berlin","Germany","Joachimsthaler Str. 13, 10719 Berlinטלפון: 03091557402ארוחות שבת יש להזמין מראש. ארוחה מושקעת מאוד, מוגשת בקומה העליונה של בית הכנסת – בתשלום.בשבת בבוקר יש קידוש עשיר – כניסה חופשית.","03091557402ארוחות שבת יש להזמין מראש. ארוחה מושקעת מאוד, מוגשת בקומה העליונה של בית הכנסת – בתשלום.בשבת בבוקר יש קידוש עשיר – כניסה חופשית.","https://www.booking.com/hotel/de/crownplazaberlincitycentre.he.html?aid=1221689&label=kosher-rest","","","dairy","","","Crowne Plaza Berlin City Centre – מלון קראון פלאזה ממוקם שתי דקות הליכה מרחוב הקניות קורפורסטנדאם (מערב ברלין), ומציע בריכה מקורה וספא.","https://metaylimbkipa.com/kosher-restaurants-abroad/kosher-restaurants-in-berlin/","2026-05-27T13:04:24.148Z"
"בית חב""ד מערב ברלין","Berlin","Germany","Münstersche Str. 6, 10709 Berlin, Germany.","+49-30-4920-5359","https://www.chabadberlin.de/templates/articlecco_cdo/aid/2375954/jewish/-.htm","","","dairy","","","אתר: www.chabadberlin.de","https://metaylimbkipa.com/kosher-restaurants-abroad/kosher-restaurants-in-berlin/","2026-05-27T13:04:24.149Z"
"בית חב""ד ברלין לישראלים – אלכסנדרפלאץ","Berlin","Germany","Karl-Liebknecht Str. 34, 10178 Berlin.","+49 5088 59733","https://www.chabadberlin.de/templates/section_cdo/aid/1645831","","","dairy","","","אתר: www.chabadberlin.de","https://metaylimbkipa.com/kosher-restaurants-abroad/kosher-restaurants-in-berlin/","2026-05-27T13:04:24.149Z"
"4 תגובות","Berlin","Germany","","","https://metaylimbkipa.com/kosher-restaurants-abroad/kosher-restaurants-in-berlin/#comment-63617","","","dairy","","","המסעדה המלון קינג דיוויד היא בשרית בלבד. אין מסעדה חלבית שם.
האוכל טעים מאוד ומוגש במנות נדיבות עם מגוון סלטים ושתיה.
אנדריי, השף האחראי, היה מארח נפלא.
מומלץ ביותר","https://metaylimbkipa.com/kosher-restaurants-abroad/kosher-restaurants-in-berlin/","2026-05-27T13:04:24.150Z"
"השארת תגובה","Berlin","Germany","","","https://metaylimbkipa.com/kosher-restaurants-abroad/kosher-restaurants-in-berlin/#respond","","","dairy","","","Δ
document.getElementById( ""ak_js_1"" ).setAttribute( ""value"", ( new Date() ).getTime() );","https://metaylimbkipa.com/kosher-restaurants-abroad/kosher-restaurants-in-berlin/","2026-05-27T13:04:24.151Z"
"מצודת פראג","Prague","Czech Republic","","","https://www.tiqets.com/en/prague-c64162/prague-castle-skip-the-line-p974082?partner=metaylimbkipa","","","unknown","","","מצודת פראג היא אחת הטירות הגדולות בעולם, ואחד האתרים המזוהים ביותר עם העיר פראג.","https://metaylimbkipa.com/kosher-restaurants-abroad/kosher-restaurants-in-prague/","2026-05-27T13:04:28.793Z"
"5% הנחה על כל האטרקציות בפראג באתר Tiqets!","Prague","Czech Republic","","","https://metaylimbkipa.com/","","","unknown","","","בלעדי לגולשי אתר ""מטיילים בכיפה"":","https://metaylimbkipa.com/kosher-restaurants-abroad/kosher-restaurants-in-prague/","2026-05-27T13:04:28.793Z"
"דירות בפראג (מומלץ לשומרי כשרות)","Prague","Czech Republic","","","https://www.booking.com/hotel/cz/residence-dlouha-old-town.he.html?aid=1221689&label=kosherest","","","unknown","","","הדירות בעיצוב מודרני עם מזגן, והן כוללות מטבח עם מקרר, כיריים, מיקרוגל, קומקום חשמלי ואפילו מכונת קפה. יש גם דירות גדולות שמתאימות למשפחות (עד 8 נפשות), וחלקן גם כוללות מרפסת.","https://metaylimbkipa.com/kosher-restaurants-abroad/kosher-restaurants-in-prague/","2026-05-27T13:04:28.794Z"
"מצודת פראג","Prague","Czech Republic","","","https://www.tiqets.com/en/prague-attractions-c64162/tickets-for-prague-castle-skip-the-line-p974082/?partner=metaylimbkipa","","","unknown","","","דלגו על התור וקנו כרטיס במבצע הנחה של 6% כאן >","https://metaylimbkipa.com/kosher-restaurants-abroad/kosher-restaurants-in-prague/","2026-05-27T13:04:28.794Z"
"תגובה אחת","Prague","Czech Republic","","","https://metaylimbkipa.com/kosher-restaurants-abroad/kosher-restaurants-in-prague/#comment-44865","","","unknown","","","ב 11.4 נוחתים בפראג
מעוניינים בארוחת ששי כשרה
אבל לא במחיר 65 יורו לאדם.
יש משהו אחר?","https://metaylimbkipa.com/kosher-restaurants-abroad/kosher-restaurants-in-prague/","2026-05-27T13:04:28.795Z"
"השארת תגובה","Prague","Czech Republic","","","https://metaylimbkipa.com/kosher-restaurants-abroad/kosher-restaurants-in-prague/#respond","","","unknown","","","Δ
document.getElementById( ""ak_js_1"" ).setAttribute( ""value"", ( new Date() ).getTime() );","https://metaylimbkipa.com/kosher-restaurants-abroad/kosher-restaurants-in-prague/","2026-05-27T13:04:28.795Z"
"מסעדות כשרות באזור מונטה ורדה Monteverde","Rome","Italy","Via Ettore Rolli 29/35, Roma. טלפון:   T +39 06 58320125","+39 06 58320125","https://cepastaepasta.it/","ראשון-חמישי 8:30 – 15:00, 17:00 – 20:30, שישי 15:00 – 8:30.","רבנות רומא (חלב ישראל).","meat","","","– c'è pasta e pastaמסעדה חלבית כשרה בסגנון איטלקי, אשר מציעה מגוון פסטות, מרקים, דגים ועוד.המסעדה ממוקמת באזור מונטוורדה, לא רחוק משכונת טרסטוורה ומרכז העיר.","https://metaylimbkipa.com/kosher-restaurants-abroad/kosher-restaurants-in-rome/","2026-05-27T13:04:34.653Z"
"מסעדות כשרות בסגנון אסיאתי ברומא","Rome","Italy","Via Ignazio Giorgi, 65, 00162 Roma. טלפון:   T +39 06 88934790","+39 06 88934790","https://www.darumasushi.com/take-away/daruma-sushi-portico-dottavia/","ראשון-חמישי 12:30-15:00, 19:00-23:00, שישי 12:30-15:00, מוצ""ש 20:30-23:30.","רבנות רומא.","meat","","","Obento sushi – סושי כשר ברומא. באזור פיאצה בולוניה.","https://metaylimbkipa.com/kosher-restaurants-abroad/kosher-restaurants-in-rome/","2026-05-27T13:04:34.654Z"
"מלונות כשרים ודירות מומלצות במרכז רומא","Rome","Italy","","","https://www.booking.com/hotel/it/lea-luxury-rooms.he.html?aid=1221689&label=kosherest","","ארוחת בוקר עם מוצרים כשרים פרווה, מוצרי חלב ישראל לפי דרישה. אפשרות לכלים חד-פעמיים. הדלקת האש ע״י יהודי.מתאים לשומרי שבת: מפתחות שבת, מספקים מיחם ופלטה לפי דרישה, סידור תאורת החדר לשבת ועוד. סמוך למסעדות כשרות בהן מוגשות ארוחות שבת.NEMAN – מלון מעולה בבעלות יהודית במרכז רומא, ליד בית הכנסת הגדול. מתאים גם למשפחות.לשומרי שבת וכשרות: ארוחת בוקר עם מוצרים כשרים פרווה, מוצרי חלב ישראל לפי דרישה. אפשרות לכלים חד-פעמיים. הדלקת האש ע״י יהודי.מתאים לשומרי שבת: מפתחות שבת, מספקים מיחם ופלטה לפי דרישה, סידור תאורת החדר לשבת ועוד. סמוך למסעדות כשרות בהן מוגשות ארוחות שבת.NEMAN – מלון מעולה בבעלות יהודית במרכז רומא, ליד בית הכנסת הגדול. מתאים גם למשפחות.לשומרי שבת וכשרות: ארוחת בוקר עם מוצרים כשרים פרווה, מוצרי חלב ישראל לפי דרישה. אפשרות לכלים חד-פעמיים. הדלקת האש ע״י יהודי.פורו רומנו סוויטות יוקרה Foro Romano Luxury Suites – בית הארחה מעולה במרכז רומא, במרחק 6 דקות הליכה מהגטו היהודי, חדש ונקי.חדרים אלגנטיים וממוזגים עם מיני-בר, קומקום חשמלי ואפילו מכונת קפה.לשומרי שבת: אפשרות למפתח רגיל בשבת!פורו רומנו סוויטות יוקרה Foro Romano Luxury Suites – בית הארחה מעולה במרכז רומא, במרחק 6 דקות הליכה מהגטו היהודי, חדש ונקי.חדרים אלגנטיים וממוזגים עם מיני-בר, קומקום חשמלי ואפילו מכונת קפה.לשומרי שבת: אפשרות למפתח רגיל בשבת!פורו רומנו סוויטות יוקרה Foro Romano Luxury Suites – בית הארחה מעולה במרכז רומא, במרחק 6 דקות הליכה מהגטו היהודי, חדש ונקי.חדרים אלגנטיים וממוזגים עם מיני-בר, קומקום חשמלי ואפילו מכונת קפה.לשומרי שבת: אפשרות למפתח רגיל בשבת!לשומרי שבת: אפשרות למפתח רגיל בשבת!Arenula Suites – מלון דירות בבעלות יהודית. במרחק 5 דקות הליכה מהגטו היהודי ומבית הכנסת. החדרים נקיים ונעימים, צוות המלון שירותי ומסביר פנים, מיקום מנצח – קרוב לכל האתרים ולמסעדות הכשרות. חדרים מעוצבים ויוקרתיים, מכונת אספרסו בחדר.שבת: המפתחות במלון רגילים (מכניים) ואין חיישנים. מומלץ להזמין חדר בקומה נמוכה.Arenula Suites – מלון דירות בבעלות יהודית. במרחק 5 דקות הליכה מהגטו היהודי ומבית הכנסת. החדרים נקיים ונעימים, צוות המלון שירותי ומסביר פנים, מיקום מנצח – קרוב לכל האתרים ולמסעדות הכשרות. חדרים מעוצבים ויוקרתיים, מכונת אספרסו בחדר.שבת: המפתחות במלון רגילים (מכניים) ואין חיישנים. מומלץ להזמין חדר בקומה נמוכה.Arenula Suites – מלון דירות בבעלות יהודית. במרחק 5 דקות הליכה מהגטו היהודי ומבית הכנסת. החדרים נקיים ונעימים, צוות המלון שירותי ומסביר פנים, מיקום מנצח – קרוב לכל האתרים ולמסעדות הכשרות. חדרים מעוצבים ויוקרתיים, מכונת אספרסו בחדר.שבת: המפתחות במלון רגילים (מכניים) ואין חיישנים. מומלץ להזמין חדר בקומה נמוכה.Reginella Suites – מלונית מעולה במרכז רומא, סמוך לפנתאון ולפיאצה ונציה, וקרוב מאד לבית הכנסת הגדול של רומא. סמוך למסעדות כשרות. המקום חדיש ומטופח, שירות אדיב במיוחד.Reginella Suites – מלונית מעולה במרכז רומא, סמוך לפנתאון ולפיאצה ונציה, וקרוב מאד לבית הכנסת הגדול של רומא. סמוך למסעדות כשרות. המקום חדיש ומטופח, שירות אדיב במיוחד.Torre Argentina Relais – בית הארחה מעולה במרכז רומא, קרוב למרבית האתרים ובמרחק 6 דקות הליכה מבית הכנסת הגדול. החדרים ממוזגים וכוללים מיניבר, כספת ומכונת קפה. קרוב לחנויות ומסעדות כשרות.לשומרי שבת: צוות המלון מודע לצרכים של שומרי שבת ומסייע בפתיחת הדלתות ובכל מה שניתן.Torre Argentina Relais – בית הארחה מעולה במרכז רומא, קרוב למרבית האתרים ובמרחק 6 דקות הליכה מבית הכנסת הגדול. החדרים ממוזגים וכוללים מיניבר, כספת ומכונת קפה. קרוב לחנויות ומסעדות כשרות.לשומרי שבת: צוות המלון מודע לצרכים של שומרי שבת ומסייע בפתיחת הדלתות ובכל מה שניתן.Torre Argentina Relais – בית הארחה מעולה במרכז רומא, קרוב למרבית האתרים ובמרחק 6 דקות הליכה מבית הכנסת הגדול. החדרים ממוזגים וכוללים מיניבר, כספת ומכונת קפה. קרוב לחנויות ומסעדות כשרות.לשומרי שבת: צוות המלון מודע לצרכים של שומרי שבת ומסייע בפתיחת הדלתות ובכל מה שניתן.מלון כרמל – מלון פשוט במיקום די מרכזי. קרוב לגטו ולמסעדות כשרות. מנהל המקום דובר עברית. ארוחת בוקר כשרה בתוספת תשלום. מתאים לשומרי שבת: פלטה ומיחם בשבת.טיפ: במלון זה מומלץ לבחור מראש בתהליך ההזמנה חדר עם אמבטיה צמודה, כי יש חדרים בהם האמבטיה משותפת לכל הקומה.מלון כרמל – מלון פשוט במיקום די מרכזי. קרוב לגטו ולמסעדות כשרות. מנהל המקום דובר עברית. ארוחת בוקר כשרה בתוספת תשלום. מתאים לשומרי שבת: פלטה ומיחם בשבת.טיפ: במלון זה מומלץ לבחור מראש בתהליך ההזמנה חדר עם אמבטיה צמודה, כי יש חדרים בהם האמבטיה משותפת לכל הקומה.מלון כרמל – מלון פשוט במיקום די מרכזי. קרוב לגטו ולמסעדות כשרות. מנהל המקום דובר עברית. ארוחת בוקר כשרה בתוספת תשלום. מתאים לשומרי שבת: פלטה ומיחם בשבת.טיפ: במלון זה מומלץ לבחור מראש בתהליך ההזמנה חדר עם אמבטיה צמודה, כי יש חדרים בהם האמבטיה משותפת לכל הקומה.טיפ: במלון זה מומלץ לבחור מראש בתהליך ההזמנה חדר עם אמבטיה צמודה, כי יש חדרים בהם האמבטיה משותפת לכל הקומה.Margana Tower – מלון דירות חדש, נקי ונוח במרכז רומא. הדירות כוללות מטבח מצוייד בתנור וכיריים וגם פינת ישיבה. מתאים לשומרי שבת: מפתח רגיל, במרחק 5 דקות הליכה מבית הכנסת הגדול והאזור היהודי. Margana Tower – מלון דירות חדש, נקי ונוח במרכז רומא. הדירות כוללות מטבח מצוייד בתנור וכיריים וגם פינת ישיבה. מתאים לשומרי שבת: מפתח רגיל, במרחק 5 דקות הליכה מבית הכנסת הגדול והאזור היהודי. Hotel Monte Cenci – מלון בוטיק קטן ומעולה (ציון 9.2 בבוקינג!) צמוד לבית הכנסת הגדול – 3 דקות הליכה, וקרוב למסעדות הכשרות. צוות המלון אדיב ושירותי במיוחד, ומוכן לעזור בכל שאלה ובקשה. למלון אין לובי אבל יש מרפסת גג יפה. מתאים לשומרי שבת: מפתח רגיל לדלת, צוות מודע לצרכים של שומרי שבת.המלון אינו כשר אבל ניתן להזמין ארוחת בוקר כשרה למלון.Hotel Monte Cenci – מלון בוטיק קטן ומעולה (ציון 9.2 בבוקינג!) צמוד לבית הכנסת הגדול – 3 דקות הליכה, וקרוב למסעדות הכשרות. צוות המלון אדיב ושירותי במיוחד, ומוכן לעזור בכל שאלה ובקשה. למלון אין לובי אבל יש מרפסת גג יפה. מתאים לשומרי שבת: מפתח רגיל לדלת, צוות מודע לצרכים של שומרי שבת.המלון אינו כשר אבל ניתן להזמין ארוחת בוקר כשרה למלון.המלון אינו כשר אבל ניתן להזמין ארוחת בוקר כשרה למלון.Key Rome Center – חדרי אירוח (B&B) חדישים ומשופצים ליד המדרגות הספרדיות. בבעלות ישראלית. ארוחת בוקר כשרה.Key Rome Center – חדרי אירוח (B&B) חדישים ומשופצים ליד המדרגות הספרדיות. בבעלות ישראלית. ארוחת בוקר כשרה.","meat","","","Black And White Suite – מלון סוויטות מקסים במרכז הגטו עם אפשרות לארוחת בוקר כשרה.","https://metaylimbkipa.com/kosher-restaurants-abroad/kosher-restaurants-in-rome/","2026-05-27T13:04:34.656Z"
"מלונות רגילים (לא כשרים) בקרבת מסעדות כשרות במרכז רומא","Rome","Italy","","","https://www.booking.com/hotel/it/hotel-piazza-venezia.he.html?aid=1221689&label=kosherest","","","meat","","","Hotel Castellino Roma – מלון מודרני במיקום מעולה בלב רומא, קרוב למרבית האתרים. החדרים ממוזגים וכוללים מקרר, קומקום ואמצעים להכנת קפה/תה. חלקם מתאימים למשפחות.","https://metaylimbkipa.com/kosher-restaurants-abroad/kosher-restaurants-in-rome/","2026-05-27T13:04:34.657Z"
"מלונות באזור פיאצה בולוניה (אזור ובו קהילה יהודית ובית חב""ד)","Rome","Italy","","","https://www.booking.com/hotel/it/bed-breakfast-and-cappuccino.html?aid=1221689&label=kosherest","","","meat","","","","https://metaylimbkipa.com/kosher-restaurants-abroad/kosher-restaurants-in-rome/","2026-05-27T13:04:34.657Z"
"בית חב""ד רומא","Rome","Italy","Lungotevere de' Cenci.בית הכנסת הגדול – נמצא בגטו היהודי על גדת נהר הטיבר. כתובת: Lungotevere de' Cenci.בית הכנסת האשכנזי – קרוב לתחנת הטרמיני. נוסח אשכנז. כתובת: Via Cesare Balbo, 33.בית הכנסת האשכנזי – קרוב לתחנת הטרמיני. נוסח אשכנז. כתובת: Via Cesare Balbo, 33.בית הכנסת בית אל – באזור פיאצה בולוניה. נוסח עדות המזרח. כתובת: Via Padova, 92.בית הכנסת בית אל – באזור פיאצה בולוניה. נוסח עדות המזרח. כתובת: Via Padova, 92.בית הכנסת בית שמואל – באזור פיאצה בולוניה. נוסח עדות המזרח. כתובת: Via Garfagnana, 4/a.בית הכנסת בית שמואל – באזור פיאצה בולוניה. נוסח עדות המזרח. כתובת: Via Garfagnana, 4/a.","","https://www.chabadpbrome.com/he/events/he-shabbat-12-10-18","","","meat","","","בית חב""ד נמצא באזור פיאצה בולוניה. בית חב""ד מציע ארוחות שבת וחג באולם.","https://metaylimbkipa.com/kosher-restaurants-abroad/kosher-restaurants-in-rome/","2026-05-27T13:04:34.657Z"
"שאלות נפוצות לגבי מסעדות כשרות ברומא","Rome","Italy","","","https://metaylimbkipa.com/kosher-restaurants-abroad/kosher-restaurants-in-rome/#icecream","","","meat","","","כן. יש גלידה כשרה (חלב ישראל!) באזור הגטו היהודי ברומא.","https://metaylimbkipa.com/kosher-restaurants-abroad/kosher-restaurants-in-rome/","2026-05-27T13:04:34.657Z"
"השארת תגובה","Rome","Italy","","","https://metaylimbkipa.com/kosher-restaurants-abroad/kosher-restaurants-in-rome/#respond","","","meat","","","Δ
document.getElementById( ""ak_js_1"" ).setAttribute( ""value"", ( new Date() ).getTime() );","https://metaylimbkipa.com/kosher-restaurants-abroad/kosher-restaurants-in-rome/","2026-05-27T13:04:34.657Z"
"כרטיסים מוזלים לאטרקציות בברצלונה:","Barcelona","Spain","","","https://www.booking.com/hotel/es/modernobarcelona.html?aid=1221689&no_rooms=1&group_adults=1","","","unknown","","","בברצלונה חשוב מאד לבחור מלון במיקום מרכזי. זה יחסוך לכם פעמים רבות שימוש בתחבורה ציבורית וזמן רב. אני ממליצה לבחור מקום לינה קרוב לרמבלה ולרובע הגותי. במידה ומתכננים לשהות בעיר בשבת כדאי להזמין מקום לינה קרוב לבית חב""ד או למתחם הקהילה היהודית.","https://metaylimbkipa.com/kosher-restaurants-abroad/kosher-restaurants-in-barcelona/","2026-05-27T13:04:40.087Z"
"מלונות קצת יותר יקרים – למי שרוצה להשקיע ולהתפנק","Barcelona","Spain","","","https://www.booking.com/hotel/es/the-serras.he.html?aid=1221689&no_rooms=1&group_adults=1","","","unknown","","","","https://metaylimbkipa.com/kosher-restaurants-abroad/kosher-restaurants-in-barcelona/","2026-05-27T13:04:40.087Z"
"מלונות בקרבת בית חב""ד","Barcelona","Spain","","","https://www.booking.com/hotel/es/nhlescorts.html?aid=1221689&no_rooms=1&group_adults=1","","","unknown","","","הצטרפו לאלפי מטיילים אחרים וקבלו ישר למייל את המאמרים הכי מקיפים ופרקטיים למטיילים שומרי מצוות בחו""ל. הירשמו כאן:","https://metaylimbkipa.com/kosher-restaurants-abroad/kosher-restaurants-in-barcelona/","2026-05-27T13:04:40.088Z"
"מסעדת בחור טוב  Bahur Tov","Vienna","Austria","Taborstraße 19, 1020 Wien, Austria.","+43 676 847761211","","ראשון 13:00-22:00, שני-חמישי 16:00-22:00.","מהדרין בהשגחת הרב בנימין אמינוב.","meat","","€€","מסעדת גריל בשרית, אשר מציעה מטבח ישראלי, בוכרי ואסיאתי. ממוקמת ברחוב הראשי של האזור היהודי (טבור שטרסה).צוות דובר עברית.","https://metaylimbkipa.com/kosher-restaurants-abroad/kosher-restaurants-in-vienna/","2026-05-27T13:04:46.547Z"
"חדש!  Mea Shearim ,Fine Dinning","Vienna","Austria","Heinestraße 25, 1020 Wien. [map: https://maps.app.goo.gl/1UezFJoR4SFbeYsh6]","+43 1 3999595","https://shabbat.mea-shearim.at/en/","רביעי-ראשון 16:00-23:00, מוצ""ש כשעה לאחר צאת השבת-23:00.","מהדרין בהשגחת הרב אמינוב.","meat","","€€","מסעדה חדשה מבית ""מאה שערים"". מציעה מנות מהמטבח המזרח-תיכוני, קוקטיילים ויינות.","https://metaylimbkipa.com/kosher-restaurants-abroad/kosher-restaurants-in-vienna/","2026-05-27T13:04:46.547Z"
"מסעדת ""מאה שערים"" וינה Mea Shearim","Vienna","Austria","Schmelzgasse 3, 1020 Wien.","+43 1 3999595","","ראשון-חמישי 12:00 – 22:00 (המטבח נסגר ב- 21:40).","מהדרין בהשגחת הרב אמינוב.","meat","","€€","מסעדה אסיאתית כשרה במרכז האזור היהודי בוינה. המסעדה מציעה מנות אסיאתיות, כולל סושי בווריאציות שונות. כאן גם תוכלו לטעום שטרודל תפוחים לקינוח לצד קצפת וקרם וניל.","https://metaylimbkipa.com/kosher-restaurants-abroad/kosher-restaurants-in-vienna/","2026-05-27T13:04:46.547Z"
"מסעדת צפת  TZFAS","Vienna","Austria","Kleine Sperlgasse 6, Wien. טלפון/וואטסאפ:  ⁦+43 1 9568025","⁦+43 1 9568025","","ראשון-חמישי 17:00 – 21:30, שישי 8:30-14:00.","ועד הכשרות מחזיקי הדת וינה בהשגחת הרב משה אליעזר ווייס.","meat","","","מסעדת ביסטרו בשרית כשרה למהדרין ברובע השני בוינה.בימי חמישי ושישי מתקיים במקום שוק מאכלי שבת מוכנים.","https://metaylimbkipa.com/kosher-restaurants-abroad/kosher-restaurants-in-vienna/","2026-05-27T13:04:46.547Z"
"מסעדת אלף אלף וינה  Alef-Alef","Vienna","Austria","Seitenstettengasse 2, 1010 Wien, Austria. טלפון:  ⁦+43 676 844258201","⁦+43 676 844258201","https://form.jotform.com/231893448047464","ראשון-שישי 17:00 – 22:00.","מהדרין בהשגחת הרב אברהם יונה שוורץ.","meat","","€€","מסעדת אלף אלף בוינה מציעה מטבח יהודי מגוון, בעיקר מזרח אירופי. היא ממוקמת צמוד לבית הכנסת הגדול בוינה. מומלץ במיוחד השניצל המפורסם. זה המקום בו תוכלו לאכול שניצל וינאי כשר בוינה, ענק ועסיסי עם פרוסת לימון בצד.","https://metaylimbkipa.com/kosher-restaurants-abroad/kosher-restaurants-in-vienna/","2026-05-27T13:04:46.548Z"
"Kosher Deli  כושר דלי","Vienna","Austria","Kleine Sperlgasse 7, 1020 Wien, Austria.","","","חמישי 12-17, שישי 8:30-14.","ועד הכשרות מחזיקי הדת וינה בהשגחת הרב משה אליעזר ווייס.","meat","","€€","מסעדה ומעדניה כשרה עם שירותי טייק-אווי. ניתן להזמין גם ארוחות שבת מוכנות.","https://metaylimbkipa.com/kosher-restaurants-abroad/kosher-restaurants-in-vienna/","2026-05-27T13:04:46.548Z"
"בושלי  Baschly Street Food","Vienna","Austria","D4, Welthandelspl. 1, 1020 Wien. [map: https://maps.app.goo.gl/9aCtKecLqrgv5pMa6]","0660 130 2222","https://wolt.com/de-at/aut/vienna/restaurant/baschly-restaurant-wu1020","ראשון 12:00-22:00, שני-חמישי 11:30-22:00, שישי 11:00-14:00, מוצ""ש 19:30-24:00.","מהדרין בהשגחת הרב אמינוב.","meat","","€€","בקצביה המפורסמת מציעים (מלבד הנקניקים המשובחים) כריכים ואוכל יהודי ביתי עם תפריט משתנה.","https://metaylimbkipa.com/kosher-restaurants-abroad/kosher-restaurants-in-vienna/","2026-05-27T13:04:46.548Z"
"מסעדת יודלה  Yudale","Vienna","Austria","Volkertpl. 5, 1020 Wien, Austria.","+43 1 2127444","","שני-חמישי 11:00 – 23:00, מוצ""ש: 18:30-23:00.","בהשגחת הרב בנימין אמינוב.","meat","","€€","מסעדת גריל ישראלית בשרית כשרה.","https://metaylimbkipa.com/kosher-restaurants-abroad/kosher-restaurants-in-vienna/","2026-05-27T13:04:46.548Z"
"מסעדת MAZZES INSEL","Vienna","Austria","Rotensterngasse 16, 1020 Wien.","+43 1 9346216","","ראשון-חמישי 7:00-23:00, שישי 7:00-13:00.","בהשגחת הרב בנימין אמינוב (חלק בית יוסף).","meat","","","","https://metaylimbkipa.com/kosher-restaurants-abroad/kosher-restaurants-in-vienna/","2026-05-27T13:04:46.548Z"
"מסעדת האוכל של שלום   Schalom Food","Vienna","Austria","Rotensterngasse 16, Wien.","","https://www.booking.com/hotel/at/imlauer-nestroy.he.html?aid=1221689&label=kosher","ראשון-חמישי 9:00-23:00.","בהשגחת הרב בנימין אמינוב והרב משה ישראלוב.","meat","","€€","מסעדת מזון באזור היהודי בוינה (ליד מלון אימלאואר). מציעה שווארמה כשרה, שניצל, פלאפל, חומוס, נקניקיות ועוד.","https://metaylimbkipa.com/kosher-restaurants-abroad/kosher-restaurants-in-vienna/","2026-05-27T13:04:46.548Z"
"קבוצת וואטסאפ לוינה - כל מה שתצטרכו לטיול הבא!","Vienna","Austria","Rotensterngasse 33-35, 1020 Wien, Austriaטלפון: 3905335 664 43+כשרות: מהדרין בהשגחת הרב חוטובלי","3905335 664 43+כשרות: מהדרין בהשגחת הרב חוטובלי","https://chat.whatsapp.com/Leq7aGSSbpJIQtFTxe3J0G","ראשון – חמישי 20:00 – 17, שישי 2:00 – 11כתובת: Rotensterngasse 33-35, 1020 Wien, Austriaטלפון: 3905335 664 43+כשרות: מהדרין בהשגחת הרב חוטובלי","מהדרין בהשגחת הרב חוטובלי","dairy","","","להצטרפות לקבוצת הוואטסאפ של וינה מבית ""מטיילים בכיפה"" פשוט לחצו כאן >","https://metaylimbkipa.com/kosher-restaurants-abroad/kosher-restaurants-in-vienna/","2026-05-27T13:04:46.548Z"
"בית קפה ובר יודלה  Yudale - Café & Bar","Vienna","Austria","Heinestraße 39, 1020 Wien.","+43 1 968 0085","","ראשון-חמישי 8:00 – 23:00, שישי 8:00-15:00.","בהשגחת הרב בנימין אמינוב.","dairy","","","בית קפה חלבי ובר. במקום מציעים ארוחת בוקר, מנות חלביות וסושי, וגם מגוון קוקטיילים.","https://metaylimbkipa.com/kosher-restaurants-abroad/kosher-restaurants-in-vienna/","2026-05-27T13:04:46.548Z"
"LOX & TRUFFLES Deli","Vienna","Austria","Steindlgasse 6 / EG, 1010 Wien, אוסטריה","+43 699 10107707","","ראשון 9:00-15:00, שני-רביעי 8:30-20:00, חמישי 8:30-22:00, שישי 8:30-15:00.","מהדרין בהשגחת הרב הופמייסטר, חלב ישראל ופת ישראל.","dairy","","","מעדנייה וחנות בייגלס כשרה במרכז וינה, בעיר העתיקה.במקום מציעים בייגל במגוון מילויים, דגים מעושנים וכבושים, גבינות ועוד.","https://metaylimbkipa.com/kosher-restaurants-abroad/kosher-restaurants-in-vienna/","2026-05-27T13:04:46.549Z"
"רוסטיקו פיצה Rustico Pizza Napoletana","Vienna","Austria","Rotensterngasse 3, 1020 Wien.","+43 660 6079510","","ראשון 14:30-22:00, שני-חמישי 16:00-22:30, מוצ""ש שעה אחרי צאת השבת.","מהדרין בהשגחת הרב אמינוב.","dairy","","","מסעדה איטלקית כשרה בוינה. במקום מציעים מגוון סוגי פיצות מהטאבון, פסטות, דגים ועוד ולצידן גם קוקטיילים שונים.","https://metaylimbkipa.com/kosher-restaurants-abroad/kosher-restaurants-in-vienna/","2026-05-27T13:04:46.549Z"
"מסעדת מלכה MALKA","Vienna","Austria","Taborstraße 81, 1020 Wien.","+43 676 5422040","","ראשון-חמישי 16:00-23:00.","מהדרין בהשגחת הרב נחמיה רוטנברג.","dairy","","€€","מסעדה חלבית איטלקית בלב האזור היהודי בוינה – רחוב טבורשטראסה. המסעדה ממוקמת במבנה עם חצר פנימית יפה ומציעה תפריט חלבי הכולל פסטות, סלטים, דגים ועוד.","https://metaylimbkipa.com/kosher-restaurants-abroad/kosher-restaurants-in-vienna/","2026-05-27T13:04:46.549Z"
"ואהבת VeAhavta!","Vienna","Austria","Taborstraße 20a, 1020 Wien.","+43 1 226 55 66","","ראשון-חמישי 7:00-22:00, שישי 7:00-16:00.","מהדרין בהשגחת הרב אברהם בידרמן, שליח חב""ד בוינה.","dairy","","€","סנדוויץ' בר כשר למהדרין בהנהלת חב""ד וינה, אשר ממוקם צמוד לבית חב""ד בטבורשטראסה. במקום מציעים ארוחת בוקר, כריכים, סלטים, פלאפל ועוד.","https://metaylimbkipa.com/kosher-restaurants-abroad/kosher-restaurants-in-vienna/","2026-05-27T13:04:46.549Z"
"מסעדת נובלינו  Novellino","Vienna","Austria","Zirkusgasse 15 1020 Vienna.","+43 1 2128169","","שני-חמישי 12:00 – 16:00 ו- 17:00 – 22:00, ראשון 12:00 – 22:000.","מהדרין בהשגחת הרב אברהם יונה שוורץ.","dairy","","€€","מסעדה חלבית כשרה בוינה. מציעה מרקים, סושי, פיצות, פסטות, דגים ועוד. אפשרות לטייק-אווי.","https://metaylimbkipa.com/kosher-restaurants-abroad/kosher-restaurants-in-vienna/","2026-05-27T13:04:46.549Z"
"פיצה פארגו  Pizza Prego","Vienna","Austria","Taborstraße 43, 1020 Vienna.","+43 1 2163089","","ראשון-חמישי 11:00 – 22:00, מוצ""ש 19:00 – 22:30.","מהדרין בהשגחת הרב חוטובלי.","dairy","","€","למי שמחפש פיצה כשרה בוינה – זה המקום. מאפייה ופיצרייה בלב האזור היהודי.","https://metaylimbkipa.com/kosher-restaurants-abroad/kosher-restaurants-in-vienna/","2026-05-27T13:04:46.549Z"
"גן החיות של השנברון:  TIERGARTEN SCHÖNBRUNN","Vienna","Austria","","","","","","dairy","","","הטיגרטן, גן החיות המפורסם של השנברון, אינו עוד גן חיות: הוא הוקם על ידי הקיסר פרנץ הראשון, כבר לפני למעלה מ- 250 שנה. הגן מעוצב בסגנון מלכותי ומרשים, וביתני החיות נראים כמן טירות יפהפיות.","https://metaylimbkipa.com/kosher-restaurants-abroad/kosher-restaurants-in-vienna/","2026-05-27T13:04:46.549Z"
"אהל משה Ohel Moshe","Vienna","Austria","Lilienbrunngasse 18, 1020 Wien, Austria","+4312145617","","ראשון 8:00-14:00, שני-חמישי 7:00-14:00, שישי 7:00-14:00.","מהדרין בהשגחת הרב אשר מרגוליס.","dairy","","€","מאפייה ובית קפה כשר בלב האזור היהודי בוינה, מול מוסדות חסידות סאטמר. מבחר מיני מאפה – לחם, חלות, עוגות וסנדוויצ'ים.","https://metaylimbkipa.com/kosher-restaurants-abroad/kosher-restaurants-in-vienna/","2026-05-27T13:04:46.549Z"
"שפע מרקט  Shefa markt","Vienna","Austria","Heinestraße 24, 1020 Wien, Austria.","+43 1 2646159","","ראשון 8:00-14:00, שני-חמישי 7:00-19:00, שישי 7:00-14:00","הרב מרדכי גרוס בני ברק.","dairy","","€","סופר כשר וגדול שמציע כמעט הכל: מאפייה עם מאפים טריים, בשר טרי, בשר קפוא ועוד.בנוסף יש במקום גם בית קפה כשר שמציע ארוחת בוקר, קפה וסנדוויצ'ים מוכנים.","https://metaylimbkipa.com/kosher-restaurants-abroad/kosher-restaurants-in-vienna/","2026-05-27T13:04:46.549Z"
"בית קפה מילאנו  Milano CAFÉ & GELATO","Vienna","Austria","Taborstraße 41, 1020 Wien, Austria","+43 676 847564445","https://www.booking.com/hotel/at/sky-apartments-vienna.html?aid=1221689&label=kosherest","ראשון-חמישי 8:00-22:00, שישי 8:00-12:00, מוצ""ש 20:00-24:00.כשרות: מהדרין בהשגחת הרב אברהם יונה שוורץ.","מהדרין בהשגחת הרב אברהם יונה שוורץ.","dairy","","€","בית קפה וחנות גלידה כשר למהדרין בלב הרובע היהודי בוינה, בטאבור שטראסה. מציעה גלידה חלבית איכותית במגוון טעמים.","https://metaylimbkipa.com/kosher-restaurants-abroad/kosher-restaurants-in-vienna/","2026-05-27T13:04:46.551Z"
"שאלות נפוצות לגבי מסעדות כשרות בוינה","Vienna","Austria","","","https://www.booking.com/hotel/at/resonanz-vienna.he.html?aid=1221689&label=kosherest","","","dairy","","","לא. אין אף סניף של סטארבקס כשר בוינה (ובאירופה בכלל).","https://metaylimbkipa.com/kosher-restaurants-abroad/kosher-restaurants-in-vienna/","2026-05-27T13:04:46.551Z"
"תגובה אחת","Vienna","Austria","","","https://metaylimbkipa.com/kosher-restaurants-abroad/kosher-restaurants-in-vienna/","","","dairy","","","איזה אתר ברור ונעים!!
תודה לכל מי שקשור לזה
איזה כיף לתכנן טיול עם כל כך הרבה מידע מונגש!","https://metaylimbkipa.com/kosher-restaurants-abroad/kosher-restaurants-in-vienna/","2026-05-27T13:04:46.552Z"
"השארת תגובה","Vienna","Austria","","","https://metaylimbkipa.com/kosher-restaurants-abroad/kosher-restaurants-in-vienna/#respond","","","dairy","","","Δ
document.getElementById( ""ak_js_1"" ).setAttribute( ""value"", ( new Date() ).getTime() );","https://metaylimbkipa.com/kosher-restaurants-abroad/kosher-restaurants-in-vienna/","2026-05-27T13:04:46.552Z"